entry_time,exit_time,entry_price,exit_price,profit_pct,net_profit,hold_time_minutes
2025-08-01 06:55:00,2025-08-01 07:19:00,0.2052,0.20665,0.001866276803118942,1.847904483430833,24.0
2025-08-01 07:34:00,2025-08-01 07:59:00,0.20467,0.20597,0.0011516880832559521,1.1372713867985444,25.0
2025-08-01 08:15:00,2025-08-01 16:25:00,0.20211,0.2123,0.04521808915936855,45.22159475836634,490.0
2025-08-01 08:35:00,2025-08-01 16:18:00,0.20213,0.21169,0.04209629446395877,43.99672250568146,463.0
2025-08-01 09:00:00,2025-08-01 12:33:00,0.20383,0.20931,0.021685149389196804,23.608249371420953,213.0
2025-08-01 09:12:00,2025-08-01 09:24:00,0.20455,0.20611,0.0024264971889512493,2.6853887452830625,12.0
2025-08-01 09:53:00,2025-08-01 12:44:00,0.20419,0.2087,0.016887271658749137,18.824133074999473,171.0
2025-08-01 09:59:00,2025-08-01 13:16:00,0.20432,0.20861,0.015796476115896574,17.90358086724409,197.0
2025-08-01 10:05:00,2025-08-01 12:48:00,0.20466,0.20846,0.013367380044952592,15.386560846350365,163.0
2025-08-01 10:23:00,2025-08-01 12:54:00,0.20505,0.20824,0.010357181175323084,12.076884742554464,151.0
2025-08-01 11:23:00,2025-08-01 13:04:00,0.20513,0.20818,0.009668619899575865,11.389242692347636,101.0
2025-08-01 11:31:00,2025-08-01 12:58:00,0.20527,0.20804,0.008294421980805742,9.862288136539295,87.0
2025-08-01 11:35:00,2025-08-01 13:24:00,0.20542,0.20792,0.006970187907701306,8.353591134160892,109.0
2025-08-01 14:03:00,2025-08-01 16:22:00,0.20279,0.21164,0.03844120518763251,46.464464368462245,139.0
2025-08-01 14:15:00,2025-08-01 16:09:00,0.20605,0.21162,0.02183227371997084,27.393076092863005,114.0
2025-08-01 14:25:00,2025-08-01 14:34:00,0.20844,0.21007,0.0026199961619651716,3.34356055276265,9.0
2025-08-01 14:44:00,2025-08-01 15:00:00,0.20864,0.20994,0.0010308282208588747,1.308357326527612,16.0
2025-08-01 15:18:00,2025-08-01 16:02:00,0.20651,0.21006,0.011990450825625866,15.419615694800346,44.0
2025-08-01 15:21:00,2025-08-01 16:44:00,0.20662,0.20996,0.010964940470428855,14.26775278596089,83.0
2025-08-01 15:24:00,2025-08-01 15:54:00,0.20671,0.20973,0.009409839872284819,12.375442114758538,30.0
2025-08-01 15:30:00,2025-08-01 15:59:00,0.20745,0.20962,0.005260351892022199,6.975092675900269,29.0
2025-08-01 15:36:00,2025-08-01 15:45:00,0.20779,0.20957,0.0033663410173733286,4.480519369714402,9.0
2025-08-01 17:04:00,2025-08-01 17:31:00,0.20583,0.20759,0.0033507457610648782,4.474592007494757,27.0
2025-08-01 17:13:00,2025-08-01 17:35:00,0.20588,0.20731,0.001745793666213264,2.330361323737277,22.0
2025-08-01 17:37:00,2025-08-01 17:40:00,0.20534,0.20692,0.002494555371578836,3.3434288164029287,3.0
2025-08-01 18:04:00,2025-08-01 18:08:00,0.20473,0.20614,0.0016871196209641707,2.2608985399990917,4.0
2025-08-01 18:16:00,2025-08-01 19:34:00,0.20414,0.20913,0.019244009013422273,26.022709173405975,78.0
2025-08-01 18:19:00,2025-08-01 19:54:00,0.20428,0.20891,0.0174649696495008,24.068259971477715,95.0
2025-08-01 18:56:00,2025-08-01 20:01:00,0.20549,0.20863,0.01008054893182152,14.12564119406144,65.0
2025-08-01 19:01:00,2025-08-01 19:47:00,0.20601,0.20841,0.006449919906800706,9.121955339129213,46.0
2025-08-01 19:23:00,2025-08-01 19:29:00,0.20617,0.20747,0.0011054760634427695,1.5574623099375948,6.0
2025-08-01 20:16:00,2025-08-01 20:20:00,0.20358,0.20521,0.0028066804204734865,3.9883156550063816,4.0
2025-08-01 20:40:00,2025-08-01 21:07:00,0.20188,0.20717,0.021003685357638146,30.05539618943334,27.0
2025-08-01 20:45:00,2025-08-01 21:33:00,0.20279,0.20683,0.014722086887913682,21.501807765871668,48.0
2025-08-01 20:52:00,2025-08-01 21:25:00,0.20332,0.20657,0.010784654731457816,15.97683083662719,33.0
2025-08-01 21:02:00,2025-08-01 21:40:00,0.20534,0.20654,0.0006439661049966235,0.9451376624150978,38.0
2025-08-01 22:09:00,2025-08-01 22:21:00,0.20145,0.20273,0.0011539339786547703,1.710777300308683,12.0
2025-08-01 22:41:00,2025-08-02 04:45:00,0.1966,0.20341,0.029438860630722336,44.19356529170932,364.0
2025-08-01 22:46:00,2025-08-02 04:50:00,0.19718,0.20321,0.02538119484734764,39.2175701530456,364.0
2025-08-01 22:54:00,2025-08-02 04:58:00,0.1976,0.20299,0.022077327935222702,34.9729339919986,364.0
2025-08-01 23:03:00,2025-08-02 05:02:00,0.19794,0.20292,0.01995913913307055,32.311168668774904,359.0
2025-08-01 23:12:00,2025-08-02 05:32:00,0.19939,0.20289,0.012353538291789836,20.388036149906107,380.0
2025-08-01 23:32:00,2025-08-02 00:54:00,0.19987,0.20287,0.009809756341622069,16.38442291153524,82.0
2025-08-01 23:35:00,2025-08-02 01:05:00,0.20006,0.20282,0.008595861241627575,14.494399614104223,90.0
2025-08-02 00:08:00,2025-08-02 02:12:00,0.20035,0.20277,0.006878861991514877,11.693860771260272,124.0
2025-08-02 00:14:00,2025-08-02 01:16:00,0.20061,0.2027,0.005218224415532529,8.925956765712964,62.0
2025-08-02 00:30:00,2025-08-02 00:59:00,0.20127,0.20263,0.0015570924628608342,2.6608929711874083,29.0
2025-08-02 01:26:00,2025-08-02 04:29:00,0.20082,0.20268,0.00406202569465193,6.98987431401147,183.0
2025-08-02 01:32:00,2025-08-02 05:42:00,0.20091,0.20267,0.0035601413568263594,6.148073177388678,250.0
2025-08-02 01:36:00,2025-08-02 05:35:00,0.20137,0.20266,0.0012061180910761951,2.0746428400194326,239.0
2025-08-02 01:39:00,2025-08-02 02:16:00,0.20143,0.20264,0.0008070495953928858,1.3820449734138958,37.0
2025-08-02 06:42:00,2025-08-02 07:04:00,0.19516,0.19695,0.003971961467513763,6.899891715312453,22.0
2025-08-02 06:48:00,2025-08-02 07:01:00,0.19537,0.19674,0.0018123355684087124,3.147830298584603,13.0
2025-08-02 07:10:00,2025-08-02 08:21:00,0.19505,0.201,0.02530499871827742,44.33893635383829,71.0
2025-08-02 07:27:00,2025-08-02 08:10:00,0.19761,0.20063,0.01008262739739889,18.097583334515956,43.0
2025-08-02 07:31:00,2025-08-02 07:53:00,0.1977,0.20048,0.008861709661102706,16.062888414332182,22.0
2025-08-02 07:37:00,2025-08-02 08:04:00,0.19787,0.20037,0.0074345580431596624,13.590938424436512,27.0
2025-08-02 08:58:00,2025-08-02 09:17:00,0.19858,0.19993,0.0015982677006747409,2.923748447284188,19.0
2025-08-02 09:35:00,2025-08-02 09:58:00,0.19836,0.19974,0.0017570477918934886,3.2217773830584875,23.0
2025-08-02 10:17:00,2025-08-02 10:27:00,0.19765,0.1989,0.0011243106501391412,2.05611988550047,10.0
2025-08-02 10:21:00,2025-08-02 10:34:00,0.19768,0.19885,0.0007186564144071456,1.306659131084233,13.0
2025-08-02 10:39:00,2025-08-02 11:29:00,0.19733,0.20056,0.01116851973850901,20.686374475389822,50.0
2025-08-02 10:45:00,2025-08-02 11:46:00,0.19748,0.20035,0.009333117277699067,17.47499076317714,61.0
2025-08-02 10:48:00,2025-08-02 11:04:00,0.19779,0.19925,0.002181566307700172,4.102997098797575,16.0
2025-08-02 11:12:00,2025-08-02 11:38:00,0.19769,0.20022,0.007597814760483608,14.38437492027313,26.0
2025-08-02 11:15:00,2025-08-02 11:58:00,0.19789,0.1998,0.004451826772449315,8.481341535529694,43.0
2025-08-02 12:45:00,2025-08-02 12:54:00,0.19816,0.19966,0.0023696406943883802,4.522306400568029,9.0
2025-08-02 13:30:00,2025-08-02 13:57:00,0.1977,0.19998,0.006332625189681357,12.157421841543995,27.0
2025-08-02 13:41:00,2025-08-02 13:52:00,0.1984,0.19967,0.001201209677419322,2.2993603080532328,11.0
2025-08-02 14:52:00,2025-08-02 15:18:00,0.19473,0.19766,0.009846474605864613,19.059590245635874,26.0
2025-08-02 15:02:00,2025-08-02 15:23:00,0.1957,0.19755,0.004253244762391367,8.298577698603296,21.0
2025-08-02 15:11:00,2025-08-02 15:27:00,0.19619,0.19741,0.0010184616952953716,1.9752763320875033,16.0
2025-08-02 15:51:00,2025-08-02 16:25:00,0.19422,0.19575,0.002677664504170547,5.241907226210623,34.0
2025-08-02 15:56:00,2025-08-02 16:12:00,0.19427,0.19538,0.0005136974314098935,0.9866957485347925,16.0
2025-08-02 16:33:00,2025-08-02 17:20:00,0.19325,0.19732,0.015860802069857648,31.27952719744529,47.0
2025-08-02 16:55:00,2025-08-02 17:11:00,0.19515,0.19729,0.0057659236484755485,11.53357229973886,16.0
2025-08-02 17:02:00,2025-08-02 17:27:00,0.19572,0.19708,0.0017487022276721853,3.498952329061373,25.0
2025-08-02 18:35:00,2025-08-02 18:37:00,0.19061,0.19218,0.0030367137086196316,6.1067989732867645,2.0
2025-08-02 18:48:00,2025-08-02 21:03:00,0.18997,0.19458,0.019066989524661803,38.60410916964115,135.0
2025-08-02 18:53:00,2025-08-02 19:33:00,0.19008,0.19457,0.018421632996632964,38.005333949976645,40.0
2025-08-02 19:02:00,2025-08-02 22:05:00,0.19061,0.1943,0.01415890037248832,29.740693134424685,183.0
2025-08-02 19:07:00,2025-08-02 21:56:00,0.19111,0.19425,0.011230328083302831,23.91607541062303,169.0
2025-08-02 19:10:00,2025-08-02 20:17:00,0.19156,0.19417,0.008424973898517442,18.1352262470064,67.0
2025-08-02 19:13:00,2025-08-02 20:26:00,0.19157,0.19406,0.00779785979015514,16.923955831525117,73.0
2025-08-02 19:17:00,2025-08-02 21:39:00,0.19171,0.194,0.006745125449898359,14.748821263318224,142.0
2025-08-02 20:05:00,2025-08-02 20:30:00,0.19208,0.19384,0.003962848812994645,8.710969410315766,25.0
2025-08-02 20:48:00,2025-08-02 21:08:00,0.19241,0.19363,0.00114062678654955,2.49577765284044,20.0
2025-08-02 21:28:00,2025-08-02 21:48:00,0.1924,0.1938,0.0020765072765073413,4.573318744765018,20.0
2025-08-02 22:27:00,2025-08-02 22:55:00,0.19189,0.19376,0.004545166501641476,2.2599145343686033,28.0
2025-08-02 22:30:00,2025-08-02 22:54:00,0.19153,0.19403,0.007852785464418118,17.414397017084823,24.0
2025-08-02 22:35:00,2025-08-02 22:49:00,0.19215,0.19395,0.004167681498829165,9.300304983333469,14.0
2025-08-02 23:18:00,2025-08-02 23:45:00,0.19083,0.19223,0.002136372687732602,1.0586490593722484,27.0
2025-08-02 23:29:00,2025-08-02 23:42:00,0.18949,0.19263,0.011370795292627602,25.53206902407387,13.0
2025-08-02 23:57:00,2025-08-03 00:18:00,0.19086,0.19255,0.0036546578644032126,8.278240345830046,21.0
2025-08-03 00:00:00,2025-08-03 00:01:00,0.19095,0.19228,0.0017651741293532221,3.996861262728949,1.0
2025-08-03 00:37:00,2025-08-14 02:59:00,0.18873,0.25489,0.3453537010544163,789.37724131096,15982.0
2025-08-03 00:40:00,2025-08-14 03:23:00,0.18984,0.25466,0.3362454277286135,1033.2812955744932,16003.0
2025-08-03 00:45:00,2025-08-14 04:25:00,0.19199,0.25452,0.3204940465649254,1315.1609085711073,16060.0
2025-08-03 01:03:00,2025-08-14 03:48:00,0.19293,0.25418,0.31227265847716806,1691.0258884312098,16005.0
2025-08-03 01:18:00,2025-08-14 03:07:00,0.19305,0.25387,0.309847915047915,2200.4704785046238,15949.0
2025-08-03 01:22:00,2025-08-14 04:02:00,0.19331,0.25346,0.3059582432362527,2844.3175682800706,16000.0
2025-08-03 01:49:00,2025-08-14 03:35:00,0.19385,0.25339,0.3019446995099304,3663.559519850489,15946.0
2025-08-03 01:59:00,2025-08-14 03:41:00,0.19464,0.25334,0.29638240854911635,4679.009970969883,15942.0
2025-08-03 02:29:00,2025-08-03 03:52:00,0.19509,0.19636,0.001309815982367078,26.514542976924986,83.0
2025-08-03 04:50:00,2025-08-14 04:39:00,0.195,0.25328,0.29367179487179484,6014.438688154327,15829.0
2025-08-03 06:15:00,2025-08-14 04:18:00,0.19512,0.25314,0.29215547355473553,7735.884060692935,15723.0
2025-08-03 06:43:00,2025-08-14 03:44:00,0.19521,0.25312,0.291454884483377,9966.02703049195,15661.0
2025-08-03 06:49:00,2025-08-14 04:44:00,0.19529,0.2531,0.2908213016539506,12835.023797859187,15715.0
2025-08-03 08:42:00,2025-08-04 23:35:00,0.19563,0.21123,0.07454237080202425,4243.478674404199,2333.0
2025-08-03 08:48:00,2025-08-04 23:14:00,0.19571,0.21121,0.07399881457258196,4525.668571130136,2306.0
2025-08-03 09:16:00,2025-08-05 00:34:00,0.19577,0.21099,0.07254429177095577,4764.092227427493,2358.0
2025-08-03 09:30:00,2025-08-04 23:18:00,0.19613,0.2109,0.07010719420792334,4937.078807169812,2268.0
2025-08-03 09:37:00,2025-08-04 23:27:00,0.19621,0.21085,0.06941393405025235,5229.992986202221,2270.0
2025-08-03 09:44:00,2025-08-05 00:43:00,0.19643,0.21077,0.0678031054319606,5462.218466499191,2339.0
2025-08-03 09:54:00,2025-08-04 22:59:00,0.19674,0.21076,0.0660615634848023,5681.722437305623,2225.0
2025-08-03 10:30:00,2025-08-04 23:02:00,0.19712,0.21074,0.06389496753246765,5857.355672517471,2192.0
2025-08-03 10:52:00,2025-08-03 11:14:00,0.19728,0.19943,0.005698215733982083,554.4431646760447,22.0
2025-08-03 10:59:00,2025-08-03 11:22:00,0.19745,0.19899,0.0025994428969360025,253.63991414809277,23.0
2025-08-03 12:11:00,2025-08-03 13:04:00,0.19728,0.19929,0.004988564476885563,489.23837038033366,53.0
2025-08-03 12:18:00,2025-08-03 12:53:00,0.19732,0.19906,0.0036181633894181615,356.23316711112136,35.0
2025-08-03 12:23:00,2025-08-03 13:14:00,0.19751,0.199,0.002343921826743047,231.13149444976727,51.0
2025-08-03 14:28:00,2025-08-04 23:42:00,0.19712,0.2107,0.0636920454545455,6330.469256001892,1994.0
2025-08-03 14:32:00,2025-08-04 23:54:00,0.19713,0.21063,0.0632827271343784,6689.259883280911,2002.0
2025-08-03 14:40:00,2025-08-04 23:07:00,0.19747,0.21046,0.06058214412315796,6807.840955284214,1947.0
2025-08-03 15:09:00,2025-08-05 00:00:00,0.19777,0.21044,0.05886431713606709,7014.364088691059,1971.0
2025-08-03 15:13:00,2025-08-04 22:52:00,0.1979,0.21037,0.057811622031329,7293.257001285133,1899.0
2025-08-03 16:16:00,2025-08-05 00:48:00,0.19798,0.21027,0.056876977472472084,7588.960030621187,1952.0
2025-08-03 16:26:00,2025-08-03 17:12:00,0.19813,0.20006,0.004541079089486637,638.5106242957254,46.0
2025-08-03 16:33:00,2025-08-03 16:58:00,0.19865,0.19985,0.0008407752328215791,117.18854264551044,25.0
2025-08-03 18:39:00,2025-08-03 19:31:00,0.19847,0.20006,0.002811286340504763,396.66901563492047,52.0
2025-08-03 20:21:00,2025-08-03 22:01:00,0.19816,0.19982,0.003177069035123107,449.7821673927399,100.0
2025-08-03 20:30:00,2025-08-03 21:25:00,0.19816,0.19931,0.000603391199031007,84.12632369310666,55.0
2025-08-03 22:15:00,2025-08-05 01:04:00,0.19804,0.21008,0.05559579882851946,7932.172722338996,1609.0
2025-08-03 22:24:00,2025-08-05 00:23:00,0.19814,0.20997,0.05450525890784283,8207.654954749732,1559.0
2025-08-03 22:40:00,2025-08-03 23:19:00,0.19872,0.20038,0.003153462157809957,498.6436471503836,39.0
2025-08-03 23:45:00,2025-08-04 22:24:00,0.19864,0.20995,0.05173717277486904,8239.8704262381,1359.0
2025-08-03 23:54:00,2025-08-05 00:14:00,0.19864,0.20983,0.05113306484091813,8563.755518247166,1460.0
2025-08-04 00:13:00,2025-08-05 00:27:00,0.19871,0.20983,0.05076094811534393,8934.875293600751,1454.0
2025-08-04 00:25:00,2025-08-04 00:55:00,0.19999,0.20286,0.00915071753587685,1690.1680261679692,30.0
2025-08-04 00:33:00,2025-08-04 03:00:00,0.20004,0.20285,0.008847190561887657,1648.9139213506116,147.0
2025-08-04 00:40:00,2025-08-04 00:52:00,0.20121,0.20284,0.002900989016450438,543.7261449884072,12.0
2025-08-04 02:09:00,2025-08-04 02:52:00,0.20004,0.20267,0.007947370525894788,1498.3014784819711,43.0
2025-08-04 02:14:00,2025-08-04 02:55:00,0.20031,0.20265,0.006481893065748135,1231.2122968869692,41.0
2025-08-04 02:19:00,2025-08-04 04:03:00,0.20052,0.20223,0.0033278276481148485,634.9233684282369,104.0
2025-08-04 05:46:00,2025-08-04 06:01:00,0.19965,0.20084,0.0007604307538191671,143.55376601805506,15.0
2025-08-04 06:16:00,2025-08-04 22:45:00,0.19958,0.20981,0.04605764104619696,8856.530564156319,989.0
2025-08-04 06:25:00,2025-08-05 00:06:00,0.19978,0.20978,0.044855060566623195,9021.323095586182,1061.0
2025-08-04 06:30:00,2025-08-05 00:59:00,0.20012,0.20969,0.042621307215670576,8955.310077289474,1109.0
2025-08-04 06:47:00,2025-08-04 08:20:00,0.20147,0.20398,0.007258430535563531,1587.4414762899912,93.0
2025-08-04 07:23:00,2025-08-04 08:08:00,0.20183,0.20377,0.004412049744834749,970.72855923766,45.0
2025-08-04 07:31:00,2025-08-04 07:50:00,0.20223,0.20374,0.0022667457845028504,499.4508781843358,19.0
2025-08-04 10:02:00,2025-08-04 10:24:00,0.20087,0.20228,0.0018194653258326015,401.2045903173762,22.0
2025-08-04 11:20:00,2025-08-04 17:14:00,0.20036,0.20966,0.041216450389299275,9170.20527957621,354.0
2025-08-04 12:27:00,2025-08-04 22:31:00,0.20061,0.20966,0.0399124071581676,9244.903976047064,604.0
2025-08-04 12:32:00,2025-08-05 01:24:00,0.20065,0.2096,0.0394050336406679,9490.564800717419,772.0
2025-08-04 12:45:00,2025-08-04 22:13:00,0.201,0.20959,0.03753631840796012,9395.522706049182,568.0
2025-08-04 12:49:00,2025-08-04 22:18:00,0.20102,0.20955,0.03723358869764194,9668.513061234724,569.0
2025-08-04 13:27:00,2025-08-05 00:18:00,0.20104,0.20954,0.03708014325507365,9986.100100766695,651.0
2025-08-04 13:33:00,2025-08-04 22:38:00,0.20144,0.20953,0.034960841938045994,9763.219405701675,545.0
2025-08-04 13:39:00,2025-08-05 01:28:00,0.20241,0.20953,0.02997612766167673,8662.410947434,709.0
2025-08-04 13:52:00,2025-08-04 21:45:00,0.20243,0.20952,0.029824452897297894,8876.123439522242,473.0
2025-08-04 14:04:00,2025-08-04 14:15:00,0.20481,0.20615,0.0013426492847029344,407.5011002781803,11.0
2025-08-04 15:49:00,2025-08-04 22:08:00,0.20306,0.20947,0.026367024524771004,8090.702024426861,379.0
2025-08-04 15:59:00,2025-08-04 17:09:00,0.20385,0.20936,0.02182967868530776,6873.753497093365,70.0
2025-08-04 16:09:00,2025-08-04 17:25:00,0.20486,0.20814,0.010810934296592821,3476.0287659938613,76.0
2025-08-04 16:23:00,2025-08-04 17:28:00,0.20539,0.20805,0.0077509713228493295,2517.752353823518,65.0
2025-08-04 16:29:00,2025-08-04 16:54:00,0.20562,0.20799,0.0063261161365626446,2069.957140929976,25.0
2025-08-04 16:35:00,2025-08-04 16:44:00,0.20577,0.20792,0.0052485590708071395,1727.422558384252,9.0
2025-08-04 19:42:00,2025-08-04 21:50:00,0.20407,0.20936,0.020722477581222077,6869.115284232383,128.0
2025-08-04 19:46:00,2025-08-05 01:32:00,0.20422,0.20934,0.019871001860738348,6722.730638224406,346.0
2025-08-04 19:49:00,2025-08-04 22:01:00,0.20435,0.20926,0.018827403963787608,6495.572574204892,132.0
2025-08-04 19:55:00,2025-08-05 01:19:00,0.20443,0.20924,0.018328836276476097,6442.098580361722,324.0
2025-08-04 19:58:00,2025-08-05 02:59:00,0.2045,0.20921,0.017831784841075893,6381.757266812031,421.0
2025-08-04 20:02:00,2025-08-04 21:37:00,0.2045,0.20918,0.017685085574572216,6441.69782193428,95.0
2025-08-04 20:12:00,2025-08-05 01:44:00,0.2049,0.20918,0.015688238164958547,5814.507959891273,332.0
2025-08-04 20:18:00,2025-08-05 02:51:00,0.20502,0.20912,0.014798048970832076,5570.034216853446,393.0
2025-08-04 20:27:00,2025-08-04 21:55:00,0.20561,0.20911,0.011822518360001963,4514.6131583532515,88.0
2025-08-04 20:49:00,2025-08-05 01:39:00,0.20615,0.20907,0.008964443366480748,3462.26455167966,290.0
2025-08-04 20:59:00,2025-08-05 02:05:00,0.2066,0.20897,0.006271442400774362,2442.2035457572306,306.0
2025-08-04 21:15:00,2025-08-05 01:51:00,0.20727,0.20883,0.002326414821247542,908.2505527931553,276.0
2025-08-05 04:51:00,2025-08-05 06:23:00,0.2057,0.20741,0.003113077297034599,1219.9775319681771,92.0
2025-08-05 04:59:00,2025-08-05 06:29:00,0.2059,0.20725,0.0013565808644972806,530.2515343635046,90.0
2025-08-05 08:08:00,2025-08-05 10:34:00,0.2013,0.20882,0.032157178340784895,12707.901093373777,146.0
2025-08-05 08:14:00,2025-08-05 10:39:00,0.20195,0.20867,0.028075563258232256,11449.926805134874,145.0
2025-08-05 08:39:00,2025-08-05 10:44:00,0.20255,0.20832,0.023286793384349528,9761.785641335515,125.0
2025-08-05 08:46:00,2025-08-05 11:24:00,0.20263,0.20825,0.022535281054138014,9665.850059919254,158.0
2025-08-05 08:54:00,2025-08-05 10:52:00,0.20309,0.20815,0.019715062287655766,8645.408293358652,118.0
2025-08-05 08:57:00,2025-08-05 10:59:00,0.20309,0.208,0.018976473484661964,8484.816939273613,122.0
2025-08-05 09:16:00,2025-08-05 11:13:00,0.20356,0.208,0.016611750835134602,7567.205837524011,117.0
2025-08-05 09:35:00,2025-08-05 11:44:00,0.20432,0.20799,0.012762020360219298,5908.312632158775,129.0
2025-08-05 09:49:00,2025-08-05 11:18:00,0.20568,0.20776,0.004912796577207305,2299.4384021840233,89.0
2025-08-05 10:02:00,2025-08-05 11:07:00,0.20571,0.20762,0.004084915657965073,1920.2134615487003,65.0
2025-08-05 10:12:00,2025-08-05 11:49:00,0.20578,0.20762,0.0037415881038002155,1765.4267103456095,97.0
2025-08-05 10:22:00,2025-08-05 11:57:00,0.20611,0.20754,0.0017380427926835902,819.6753674742913,95.0
2025-08-05 13:07:00,2025-08-05 13:49:00,0.20302,0.20483,0.003715377795291134,1762.559409230873,42.0
2025-08-05 13:34:00,2025-08-05 13:52:00,0.20311,0.20472,0.0027267392053567045,1296.6057907488448,18.0
2025-08-05 14:49:00,2025-08-05 15:09:00,0.19845,0.20015,0.0033663895187705083,1606.6248243275545,20.0
2025-08-05 14:54:00,2025-08-05 15:20:00,0.19875,0.20003,0.0012402515723270611,589.7790744398899,26.0
2025-08-05 15:00:00,2025-08-05 15:16:00,0.1988,0.19994,0.0005344064386318013,250.72462849898238,16.0
2025-08-05 15:52:00,2025-08-05 16:31:00,0.19739,0.20002,0.008123876589492849,3906.132309800875,39.0
2025-08-05 15:57:00,2025-08-05 17:59:00,0.19773,0.19996,0.006078005360845648,2944.41683845679,122.0
2025-08-05 16:01:00,2025-08-05 16:27:00,0.19815,0.19976,0.0029251577088064626,1422.194319465074,26.0
2025-08-05 16:40:00,2025-08-05 17:32:00,0.19796,0.19983,0.0042463527985452144,2073.5462962349648,52.0
2025-08-05 16:47:00,2025-08-05 17:55:00,0.19801,0.19978,0.0037389424776527527,1832.6827930928835,68.0
2025-08-05 17:08:00,2025-08-05 18:08:00,0.19837,0.19978,0.0019079296264557268,935.3893275079158,60.0
2025-08-05 18:47:00,2025-08-05 19:02:00,0.1976,0.19956,0.004719028340080918,2327.8216118883793,15.0
2025-08-05 18:50:00,2025-08-05 19:12:00,0.19777,0.19919,0.00198005764271631,977.4045614154556,22.0
2025-08-05 19:51:00,2025-08-05 20:29:00,0.19719,0.19963,0.007173852629443672,3565.8406152909965,38.0
2025-08-05 19:59:00,2025-08-05 20:32:00,0.19786,0.19948,0.002987607399171043,1491.6605954773563,33.0
2025-08-05 20:05:00,2025-08-05 20:22:00,0.19806,0.19934,0.0012626880743207896,628.371398661076,17.0
2025-08-05 22:02:00,2025-08-05 23:42:00,0.19614,0.20021,0.015550484347914704,7825.529167591816,100.0
2025-08-05 22:06:00,2025-08-05 23:46:00,0.19629,0.20016,0.014515726730857468,7417.5419618455335,100.0
2025-08-05 22:27:00,2025-08-05 23:30:00,0.19816,0.19999,0.004034961647153806,2086.61238143002,63.0
2025-08-05 22:33:00,2025-08-05 23:36:00,0.19846,0.19994,0.0022574221505593526,1168.9592129551174,63.0
2025-08-05 22:40:00,2025-08-05 23:58:00,0.19858,0.19993,0.0015982677006747409,827.41543030494,78.0
2025-08-05 22:45:00,2025-08-05 23:18:00,0.19869,0.1999,0.0008898887714529615,458.2774334627761,33.0
2025-08-06 01:01:00,2025-08-06 01:15:00,0.19701,0.19825,0.001094096746358149,565.5616181235837,14.0
2025-08-06 01:36:00,2025-08-06 01:59:00,0.19681,0.19836,0.0026756160764188595,1394.8395485538272,23.0
2025-08-06 02:11:00,2025-08-06 02:51:00,0.19687,0.19826,0.0018604967745212706,970.3111196320356,40.0
2025-08-06 04:14:00,2025-08-14 04:06:00,0.19562,0.25291,0.28766371536652713,151398.57114057656,11512.0
2025-08-06 04:37:00,2025-08-14 03:58:00,0.19589,0.25288,0.28572858236765525,193524.43391882538,11481.0
2025-08-06 04:47:00,2025-08-14 04:35:00,0.19617,0.25282,0.28358013967477175,246803.60351642294,11508.0
2025-08-06 05:00:00,2025-08-14 04:52:00,0.19619,0.25209,0.279727876038534,312305.7790993533,11512.0
2025-08-06 05:25:00,2025-08-06 05:39:00,0.1991,0.20131,0.005899949773982872,8405.834548533645,14.0
2025-08-06 05:31:00,2025-08-06 05:46:00,0.1992,0.2012,0.004840160642570292,6932.9104578003735,15.0
2025-08-06 06:16:00,2025-08-06 07:29:00,0.19889,0.20203,0.010587621298204918,15261.65098373358,73.0
2025-08-06 06:30:00,2025-08-06 07:13:00,0.19889,0.20163,0.008576459349389071,12489.265923328814,43.0
2025-08-06 07:03:00,2025-08-06 07:22:00,0.20008,0.20155,0.002147061175529784,3138.3623885749266,19.0
2025-08-06 09:02:00,2025-08-06 11:30:00,0.19898,0.20158,0.007866639863302941,11576.377799977985,148.0
2025-08-06 09:11:00,2025-08-06 11:18:00,0.19963,0.20153,0.004317607574011848,6394.379218259028,127.0
2025-08-06 10:25:00,2025-08-06 11:24:00,0.1997,0.20147,0.0036632949424137296,5445.567088249203,59.0
2025-08-06 10:30:00,2025-08-06 11:38:00,0.20007,0.20136,0.0012477432898486199,1848.1645137658961,68.0
2025-08-06 12:15:00,2025-08-14 05:09:00,0.19866,0.25206,0.2636009664753851,395201.1820853987,11094.0
2025-08-06 12:57:00,2025-08-14 05:05:00,0.19925,0.25197,0.2593922208281055,491131.1743469304,11048.0
2025-08-06 13:36:00,2025-08-14 02:46:00,0.19939,0.25193,0.2583036862430412,615594.5579719892,10870.0
2025-08-06 13:42:00,2025-08-06 14:08:00,0.19991,0.20227,0.006605312390575765,19757.732531805297,26.0
2025-08-06 13:45:00,2025-08-06 14:12:00,0.2001,0.20193,0.003945427286356813,11862.637360025383,27.0
2025-08-06 13:51:00,2025-08-06 14:15:00,0.2001,0.20155,0.002046376811594237,6157.167353071523,24.0
2025-08-06 14:25:00,2025-08-14 04:58:00,0.19959,0.25154,0.2550835813417506,774142.2689584447,10953.0
2025-08-06 14:32:00,2025-08-14 05:21:00,0.20027,0.25062,0.2462105956958107,937308.5901580115,10969.0
2025-08-06 14:51:00,2025-08-14 05:17:00,0.20089,0.25044,0.2414523968340882,1144907.7356915306,10946.0
2025-08-06 15:07:00,2025-08-13 08:49:00,0.20226,0.25014,0.23152500741619686,1362201.9582467612,9702.0
2025-08-06 15:11:00,2025-08-14 05:28:00,0.20235,0.25,0.2302830738818878,1667752.5205086067,10937.0
2025-08-06 15:26:00,2025-08-13 08:33:00,0.20243,0.24997,0.22964661364422267,2045118.2737166642,9667.0
2025-08-06 15:29:00,2025-08-14 05:34:00,0.20264,0.24985,0.2277747335175681,2493034.7298225933,10925.0
2025-08-06 15:45:00,2025-08-13 08:36:00,0.2031,0.24982,0.22483446578040364,3019880.137766081,9651.0
2025-08-06 15:49:00,2025-08-13 08:14:00,0.20319,0.24966,0.22350219991141287,3675138.790816238,9625.0
2025-08-06 16:42:00,2025-08-13 09:00:00,0.20324,0.24962,0.22300310962408976,4484318.36134678,9618.0
2025-08-06 16:47:00,2025-08-13 08:57:00,0.20328,0.24961,0.2227122392758757,5474524.263880703,9610.0
2025-08-06 17:07:00,2025-08-13 09:59:00,0.20331,0.2496,0.22248186513206433,6683602.6556713,9652.0
2025-08-06 17:13:00,2025-08-06 18:15:00,0.20354,0.20713,0.01243781074972983,456084.08078449446,62.0
2025-08-06 17:22:00,2025-08-06 18:08:00,0.20413,0.20701,0.008908656248469081,330578.1218181205,46.0
2025-08-06 17:32:00,2025-08-06 18:04:00,0.20438,0.20683,0.0067874743125550824,253979.86335447672,32.0
2025-08-06 21:40:00,2025-08-06 22:32:00,0.20448,0.20581,0.001304303599374012,48722.0127402393,52.0
2025-08-07 00:23:00,2025-08-07 01:31:00,0.20414,0.20654,0.006556637601645996,247300.3751442886,68.0
2025-08-07 00:45:00,2025-08-07 01:28:00,0.20473,0.20642,0.0030547745811556545,115695.15168110904,43.0
2025-08-07 03:22:00,2025-08-13 09:51:00,0.20336,0.24947,0.22154075531077883,8452979.810897991,9029.0
2025-08-07 03:28:00,2025-08-13 09:54:00,0.20357,0.24945,0.22017702018961538,10257141.372520138,9026.0
2025-08-07 04:00:00,2025-08-14 02:40:00,0.20384,0.24941,0.2183576923076923,12406144.910859192,10000.0
2025-08-07 05:08:00,2025-08-13 09:12:00,0.20408,0.24929,0.21633077224617794,14967662.099138364,8884.0
2025-08-07 05:15:00,2025-08-14 02:35:00,0.20416,0.24927,0.21575415360501557,18148500.692276374,9920.0
2025-08-07 05:24:00,2025-08-13 10:06:00,0.20468,0.24923,0.21245683017393005,21716626.260087576,8922.0
2025-08-07 05:39:00,2025-08-14 02:09:00,0.20471,0.249,0.21115484343705726,26156887.76589254,9870.0
2025-08-07 05:43:00,2025-08-14 02:32:00,0.20475,0.24888,0.21033113553113555,31541794.1642928,9889.0
2025-08-07 05:52:00,2025-08-13 08:21:00,0.20494,0.24887,0.20915542109885815,37945027.90099513,8789.0
2025-08-07 06:01:00,2025-08-07 08:26:00,0.20539,0.20683,0.0018110521447004466,394152.1997286463,145.0
2025-08-07 09:12:00,2025-08-14 01:43:00,0.20532,0.24874,0.20627477108903167,45309711.19482834,9631.0
2025-08-07 09:49:00,2025-08-13 10:13:00,0.20569,0.24872,0.203998308133599,54028096.92395886,8664.0
2025-08-07 09:54:00,2025-08-13 09:38:00,0.20586,0.24871,0.202951170698533,64686574.42488838,8624.0
2025-08-07 10:00:00,2025-08-14 02:15:00,0.20608,0.24866,0.20141878881987565,77192467.39239246,9615.0
2025-08-07 10:05:00,2025-08-13 13:36:00,0.20747,0.24858,0.19294912999469807,88800756.96563606,8851.0
2025-08-07 10:20:00,2025-08-14 06:53:00,0.20957,0.24849,0.1805136040463806,99064033.77082129,9873.0
2025-08-07 10:24:00,2025-08-13 09:42:00,0.20965,0.24844,0.17982265680896728,116451122.57459904,8598.0
2025-08-07 10:36:00,2025-08-07 13:39:00,0.21077,0.21594,0.019329107558001518,14752946.133226981,183.0
2025-08-07 10:43:00,2025-08-07 13:44:00,0.21196,0.21524,0.010274617852424879,7988242.053880499,181.0
2025-08-07 10:50:00,2025-08-07 13:35:00,0.21205,0.21502,0.0088061306295685,6915078.665781674,165.0
2025-08-07 11:01:00,2025-08-07 13:26:00,0.21256,0.21485,0.005573428678961302,4411009.21672052,145.0
2025-08-07 11:05:00,2025-08-07 13:50:00,0.21265,0.2148,0.004910510228074231,3906617.2448987477,165.0
2025-08-07 11:20:00,2025-08-07 11:43:00,0.21317,0.21478,0.0023526575034010433,1875167.1543651707,23.0
2025-08-07 11:33:00,2025-08-07 11:46:00,0.21338,0.2147,0.0009861467803918634,781507.7744695712,13.0
2025-08-07 12:33:00,2025-08-07 13:23:00,0.21283,0.21474,0.0037742987360804177,3024806.642134535,50.0
2025-08-07 12:49:00,2025-08-07 13:56:00,0.21302,0.2147,0.0026865834193973096,2158009.826798239,67.0
2025-08-07 15:05:00,2025-08-07 16:04:00,0.21236,0.21485,0.006525372009794783,5271186.41581785,59.0
2025-08-07 15:13:00,2025-08-07 16:08:00,0.21294,0.21474,0.003253085376162281,2639367.108380934,55.0
2025-08-07 16:47:00,2025-08-14 05:48:00,0.21034,0.24843,0.17588776266996298,143754324.94360623,9421.0
2025-08-07 17:10:00,2025-08-14 06:48:00,0.2116,0.24838,0.16861852551984866,161987343.26205596,9458.0
2025-08-07 17:18:00,2025-08-13 09:22:00,0.21194,0.24835,0.16659390393507595,186955936.61977243,8164.0
2025-08-07 17:23:00,2025-08-14 05:56:00,0.21199,0.2483,0.16608166422944468,217347736.92244515,9393.0
2025-08-07 17:27:00,2025-08-14 07:01:00,0.21202,0.24813,0.16511412130931047,251872364.97971794,9454.0
2025-08-07 17:37:00,2025-08-13 13:31:00,0.21207,0.24809,0.16464957796953833,292523121.41134465,8394.0
2025-08-07 18:15:00,2025-08-14 06:57:00,0.21225,0.24808,0.16361036513545346,338408085.9796834,9402.0
2025-08-07 18:44:00,2025-08-13 09:19:00,0.2123,0.24807,0.1632879886952427,392850964.085369,8075.0
2025-08-07 18:50:00,2025-08-14 02:28:00,0.21246,0.24801,0.1621256142332674,453574496.25843406,9098.0
2025-08-07 19:03:00,2025-08-14 06:38:00,0.21329,0.248,0.15753618078672224,511996167.48857945,9335.0
2025-08-07 19:12:00,2025-08-14 06:41:00,0.21368,0.248,0.1554140022463496,584456011.2553864,9329.0
2025-08-07 19:16:00,2025-08-13 10:27:00,0.2137,0.24799,0.15525858680393068,674369482.640834,8111.0
2025-08-07 19:26:00,2025-08-13 10:21:00,0.21392,0.24797,0.15397165295437545,772333864.4309856,8095.0
2025-08-07 19:32:00,2025-08-14 05:51:00,0.2142,0.24797,0.15245639589168997,882163199.8131437,9259.0
2025-08-07 19:55:00,2025-08-13 12:15:00,0.21635,0.24796,0.14090584700716444,939288796.3916614,8180.0
2025-08-07 20:05:00,2025-08-13 10:33:00,0.21657,0.24789,0.13941836819504078,1059973130.0274924,8068.0
2025-08-07 20:11:00,2025-08-13 10:39:00,0.21675,0.24789,0.13846782006920416,1199121808.6472628,8068.0
2025-08-07 20:17:00,2025-08-13 12:23:00,0.21693,0.24783,0.13724226248098456,1352633620.4404888,8166.0
2025-08-07 20:32:00,2025-08-13 12:32:00,0.21742,0.24778,0.13443756784104496,1506342043.4355748,8160.0
2025-08-07 21:09:00,2025-08-14 01:53:00,0.21743,0.24778,0.13438515384261593,1707638020.8937392,8924.0
2025-08-07 21:14:00,2025-08-13 11:12:00,0.21772,0.24768,0.13240793679955912,1908004770.3399527,8038.0
2025-08-07 21:40:00,2025-08-13 12:29:00,0.21852,0.24759,0.12783130148270186,2085291271.605413,8089.0
2025-08-07 21:51:00,2025-08-14 00:31:00,0.21877,0.24758,0.12649081683960325,2326478044.8183136,8800.0
2025-08-07 21:56:00,2025-08-14 06:32:00,0.21881,0.24754,0.12610112883323432,2611887241.014396,9156.0
2025-08-07 22:07:00,2025-08-09 18:40:00,0.21949,0.24645,0.11763019727550236,2742815708.54906,2673.0
2025-08-07 22:10:00,2025-08-09 19:13:00,0.21959,0.24644,0.11707332756500745,3050068119.223245,2703.0
2025-08-07 22:19:00,2025-08-09 17:36:00,0.21972,0.2463,0.11577214636810483,3368318603.30657,2597.0
2025-08-07 22:33:00,2025-08-07 22:57:00,0.22009,0.22285,0.007340324412740172,237807482.23463947,24.0
2025-08-07 22:39:00,2025-08-08 00:13:00,0.22049,0.22282,0.005367372669962352,175040572.39056736,94.0
2025-08-08 00:19:00,2025-08-08 00:38:00,0.22007,0.22443,0.01461187803880585,479834033.73727155,19.0
2025-08-08 00:31:00,2025-08-08 00:45:00,0.22095,0.22329,0.0053906313645620315,179313159.79949316,14.0
2025-08-08 01:05:00,2025-08-08 03:26:00,0.22003,0.22395,0.012615752397400384,422508244.588456,141.0
2025-08-08 01:19:00,2025-08-08 02:52:00,0.22064,0.22297,0.00536018854242204,181507313.77486125,93.0
2025-08-08 01:40:00,2025-08-08 03:59:00,0.22073,0.22288,0.00454040683187598,154496914.29095957,139.0
2025-08-08 02:28:00,2025-08-08 04:31:00,0.22082,0.22283,0.0039024363735169453,133322879.02218491,123.0
2025-08-08 02:33:00,2025-08-08 04:38:00,0.22094,0.2227,0.0027659636100299256,94727080.86301613,125.0
2025-08-08 02:40:00,2025-08-08 03:13:00,0.22119,0.22261,0.0012198200641982213,41628864.17047575,33.0
2025-08-08 06:09:00,2025-08-08 14:06:00,0.21979,0.22868,0.03524770007734647,1217412712.4679646,477.0
2025-08-08 06:19:00,2025-08-08 14:01:00,0.22053,0.22799,0.02862759715231485,1023418966.0509396,462.0
2025-08-08 06:28:00,2025-08-08 08:16:00,0.22138,0.22677,0.01914727617670976,703873676.9377905,108.0
2025-08-08 07:09:00,2025-08-08 08:13:00,0.2216,0.22652,0.017002166064981984,636888090.366525,64.0
2025-08-08 07:27:00,2025-08-08 08:22:00,0.22287,0.22584,0.008126154260331137,309287591.8803426,55.0
2025-08-08 09:33:00,2025-08-08 11:35:00,0.22162,0.22369,0.004140312246187116,158602978.5619822,122.0
2025-08-08 09:42:00,2025-08-08 11:52:00,0.22184,0.22364,0.002913956004327426,111929445.37748343,130.0
2025-08-08 10:49:00,2025-08-08 11:56:00,0.22197,0.22363,0.002278488083975289,87658938.9620431,67.0
2025-08-08 12:53:00,2025-08-08 13:53:00,0.2214,0.22648,0.0177448961156277,687800430.7059683,60.0
2025-08-08 12:57:00,2025-08-08 13:47:00,0.22165,0.22607,0.014741348973606943,581395991.4392502,50.0
2025-08-08 13:04:00,2025-08-08 14:14:00,0.22213,0.2259,0.011772043398010155,470997924.11614966,70.0
2025-08-08 13:14:00,2025-08-08 14:22:00,0.22225,0.22541,0.009018222722159713,364921053.87276065,68.0
2025-08-08 13:34:00,2025-08-08 14:27:00,0.22235,0.22486,0.006088509107263379,248403277.9606272,53.0
2025-08-08 14:39:00,2025-08-08 14:46:00,0.22243,0.22441,0.0037016769320685587,151720092.81346905,7.0
2025-08-08 15:43:00,2025-08-09 18:54:00,0.21976,0.24619,0.11506756461594458,4750444519.866521,1631.0
2025-08-08 15:51:00,2025-08-08 16:03:00,0.2209,0.22235,0.001364056133997189,62159390.25631079,12.0
2025-08-08 16:15:00,2025-08-09 19:17:00,0.22087,0.24599,0.10853205958255976,5001499926.691991,1622.0
2025-08-08 16:31:00,2025-08-09 19:02:00,0.22149,0.24587,0.10487268951194191,5355932911.833179,1591.0
2025-08-08 16:39:00,2025-08-09 17:42:00,0.2217,0.24579,0.10346035182679296,5836407923.7043085,1503.0
2025-08-08 16:44:00,2025-08-09 18:21:00,0.22196,0.24579,0.10216168679041278,6357766100.974414,1537.0
2025-08-08 16:54:00,2025-08-09 17:47:00,0.22289,0.24541,0.09583638566108836,6571710420.56774,1493.0
2025-08-08 16:59:00,2025-08-09 17:56:00,0.22295,0.24531,0.09509154518950433,7143828328.594316,1497.0
2025-08-08 17:02:00,2025-08-09 18:47:00,0.223,0.24503,0.0935892376681614,7697700725.294536,1545.0
2025-08-08 17:05:00,2025-08-09 19:31:00,0.22318,0.24492,0.09221016220091412,8292112207.6873865,1586.0
2025-08-08 17:14:00,2025-08-09 18:07:00,0.22397,0.24471,0.08740168772603478,8582388810.031955,1493.0
2025-08-08 17:18:00,2025-08-09 20:40:00,0.22407,0.2447,0.08686944258490654,9273609887.793816,1642.0
2025-08-08 17:25:00,2025-08-09 16:22:00,0.2242,0.24461,0.0858347903657448,9956943375.102758,1377.0
2025-08-08 17:35:00,2025-08-09 18:03:00,0.22624,0.24444,0.07524554455445542,9475516605.820751,1468.0
2025-08-08 17:46:00,2025-08-08 18:19:00,0.22655,0.22935,0.007159302582211419,967544996.4131587,33.0
2025-08-08 17:52:00,2025-08-08 18:23:00,0.22685,0.22905,0.004498038351333514,611533452.7775067,31.0
2025-08-08 19:09:00,2025-08-09 18:16:00,0.22643,0.24444,0.0743389303537517,10180828642.34698,1387.0
2025-08-08 19:12:00,2025-08-09 20:44:00,0.22651,0.24436,0.07360446779391641,10827493049.889233,1532.0
2025-08-08 19:38:00,2025-08-09 12:52:00,0.22677,0.24423,0.0717943114168541,11336348118.880398,1034.0
2025-08-08 19:44:00,2025-08-08 19:59:00,0.22745,0.22916,0.002318135854033806,390020444.38840663,15.0
2025-08-08 20:18:00,2025-08-09 19:35:00,0.22728,0.24411,0.06884963041182675,11676392577.475538,1397.0
2025-08-08 20:36:00,2025-08-08 21:00:00,0.22823,0.22963,0.0009341629058406539,166880483.46667433,24.0
2025-08-08 20:39:00,2025-08-08 21:11:00,0.22823,0.22959,0.0007589011085308694,135234469.8397193,32.0
2025-08-08 21:27:00,2025-08-09 21:11:00,0.22817,0.24402,0.06426574922207115,11666491159.14842,1424.0
2025-08-08 22:06:00,2025-08-09 12:36:00,0.22911,0.24382,0.05900496704639693,11397706307.137724,870.0
2025-08-08 22:17:00,2025-08-08 22:28:00,0.23032,0.23235,0.003613824244529369,736534604.7150851,11.0
2025-08-08 22:43:00,2025-08-08 23:07:00,0.23058,0.23228,0.0021727122907449882,443301453.67426014,24.0
2025-08-08 23:58:00,2025-08-09 00:29:00,0.23008,0.23178,0.002188734353268459,447552732.8275058,31.0
2025-08-09 01:02:00,2025-08-09 01:10:00,0.23013,0.23151,0.0007966106113935275,161466656.4210441,8.0
2025-08-09 01:24:00,2025-08-09 01:51:00,0.22989,0.23338,0.009981173604767466,2056936300.950629,27.0
2025-08-09 01:32:00,2025-08-09 02:20:00,0.23033,0.23263,0.004785672730430237,994573478.2766166,48.0
2025-08-09 02:08:00,2025-08-09 02:24:00,0.23098,0.23251,0.0014239501255520117,295344360.0930693,16.0
2025-08-09 04:09:00,2025-08-09 19:44:00,0.22986,0.24379,0.0554021056295136,11614979899.255499,935.0
2025-08-09 04:26:00,2025-08-09 12:58:00,0.23,0.24372,0.0544521739130434,12046438675.750488,512.0
2025-08-09 04:29:00,2025-08-09 13:04:00,0.2301,0.24368,0.053817818339852275,12552529998.092068,515.0
2025-08-09 04:32:00,2025-08-09 04:39:00,0.23055,0.23194,0.0008290609412275095,200467454.2132733,7.0
2025-08-09 04:45:00,2025-08-09 22:25:00,0.23054,0.24368,0.05179661663919499,12739656051.464994,1060.0
2025-08-09 04:54:00,2025-08-09 20:30:00,0.23081,0.24355,0.049996915211645954,12932009158.269423,936.0
2025-08-09 05:00:00,2025-08-09 21:07:00,0.23091,0.24346,0.04915017972370189,13346719575.090954,967.0
2025-08-09 05:13:00,2025-08-09 20:58:00,0.23268,0.24342,0.04095781330582775,11666521427.263975,945.0
2025-08-09 05:25:00,2025-08-09 05:53:00,0.2344,0.23607,0.0019245733788396113,566756151.993959,28.0
2025-08-09 05:30:00,2025-08-09 05:36:00,0.23455,0.23604,0.0011525900660839536,338450714.20697737,6.0
2025-08-09 06:05:00,2025-08-09 06:27:00,0.23437,0.23627,0.0029068396125784563,860681889.2334723,22.0
2025-08-09 06:54:00,2025-08-09 17:10:00,0.23427,0.24341,0.033814811969095415,10084070120.0824,616.0
2025-08-09 07:01:00,2025-08-10 03:52:00,0.23459,0.24341,0.03239751055032182,9986953681.873339,1251.0
2025-08-09 07:36:00,2025-08-09 16:08:00,0.23486,0.24336,0.0309917738227028,9862009331.506123,512.0
2025-08-09 07:46:00,2025-08-09 17:23:00,0.23497,0.24336,0.030506685959909696,10007521805.569363,577.0
2025-08-09 08:16:00,2025-08-09 20:10:00,0.23518,0.24336,0.029581869206565154,9999142956.699451,714.0
2025-08-09 08:30:00,2025-08-09 08:44:00,0.23588,0.23773,0.00264297100220447,915415404.1916366,14.0
2025-08-09 08:33:00,2025-08-09 08:40:00,0.23592,0.23752,0.0015819599864361576,547462760.0183191,7.0
2025-08-09 08:50:00,2025-08-09 12:28:00,0.23544,0.24335,0.02839667006455997,9922825120.82039,218.0
2025-08-09 09:05:00,2025-08-10 00:54:00,0.23581,0.24332,0.026647673974810302,9574969213.72941,949.0
2025-08-09 09:19:00,2025-08-09 10:16:00,0.23687,0.23875,0.0027368429940473372,1005029907.5361695,57.0
2025-08-09 10:38:00,2025-08-09 13:24:00,0.23642,0.24149,0.01624488621944006,6006446613.01781,166.0
2025-08-09 10:42:00,2025-08-09 13:16:00,0.23666,0.24102,0.013223054170540028,4967345595.575066,154.0
2025-08-09 11:01:00,2025-08-09 11:08:00,0.23691,0.23839,0.0010470980541132978,393777623.82071877,7.0
2025-08-09 11:46:00,2025-08-09 13:19:00,0.23666,0.24084,0.01246246936533419,4747899296.871751,93.0
2025-08-09 11:55:00,2025-08-09 12:11:00,0.23704,0.23928,0.00424988187647651,1635756673.2015514,16.0
2025-08-09 11:58:00,2025-08-09 13:43:00,0.23712,0.23925,0.003782793522267177,1461551151.61906,105.0
2025-08-09 12:04:00,2025-08-09 13:40:00,0.23712,0.23922,0.0036562753036436853,1417802917.8716354,96.0
2025-08-09 14:02:00,2025-08-09 16:11:00,0.23635,0.24331,0.02424785276073617,9466633073.431892,129.0
2025-08-09 14:08:00,2025-08-10 04:23:00,0.23649,0.2433,0.023596143600152154,9434723475.009876,855.0
2025-08-09 14:18:00,2025-08-09 17:28:00,0.23708,0.24324,0.020782790619200263,8504623409.374328,190.0
2025-08-09 14:23:00,2025-08-09 20:13:00,0.23788,0.24324,0.017332369261812693,7238645777.555001,350.0
2025-08-09 14:32:00,2025-08-09 15:05:00,0.23845,0.24104,0.005661815894317504,2401550698.8672867,33.0
2025-08-09 14:35:00,2025-08-09 15:02:00,0.23859,0.24094,0.004649532671109397,1982248541.4058914,27.0
2025-08-09 14:49:00,2025-08-09 15:16:00,0.23866,0.24036,0.0019231039973182738,820259108.0282712,27.0
2025-08-09 15:10:00,2025-08-09 15:20:00,0.23885,0.2403,0.0008707557044170264,368917341.02467155,10.0
2025-08-09 15:22:00,2025-08-10 01:01:00,0.23794,0.24324,0.017074522988988816,7348885599.704482,579.0
2025-08-09 15:28:00,2025-08-09 19:51:00,0.23829,0.24321,0.015447110663477308,6761014326.511965,263.0
2025-08-09 15:39:00,2025-08-09 20:54:00,0.23946,0.24319,0.010376714273782608,4609697018.231007,315.0
2025-08-09 15:45:00,2025-08-09 21:02:00,0.23995,0.24309,0.007886059595749131,3538009936.76178,317.0
2025-08-09 15:52:00,2025-08-09 16:30:00,0.24045,0.24308,0.005737824911624011,2592764079.802038,38.0
2025-08-09 16:52:00,2025-08-09 17:17:00,0.24039,0.24308,0.0059901493406547615,2722508105.4731708,25.0
2025-08-09 16:56:00,2025-08-09 19:57:00,0.24061,0.24302,0.004816208802626754,2200786165.3842916,181.0
2025-08-09 17:00:00,2025-08-09 20:06:00,0.24078,0.2429,0.003604717999833919,1653510861.7768807,186.0
2025-08-09 21:30:00,2025-08-09 22:05:00,0.24113,0.24256,0.0007304109816281129,331250480.9376817,35.0
2025-08-09 23:12:00,2025-08-09 23:44:00,0.23953,0.24116,0.0016049931115101257,735910239.0516729,32.0
2025-08-10 00:07:00,2025-08-10 01:33:00,0.23932,0.24294,0.00992619087414334,4591061490.308578,86.0
2025-08-10 00:14:00,2025-08-10 01:37:00,0.24075,0.24291,0.003771962616822411,1757925803.7205548,83.0
2025-08-10 00:21:00,2025-08-10 00:57:00,0.24104,0.2427,0.001686823763690652,785574355.9274492,36.0
2025-08-10 00:33:00,2025-08-10 00:49:00,0.24106,0.24267,0.0014788351447772357,689074926.9879551,16.0
2025-08-10 02:12:00,2025-08-10 02:20:00,0.24065,0.24229,0.0016148763764803767,754151389.2508273,8.0
2025-08-10 02:44:00,2025-08-10 04:27:00,0.23904,0.24285,0.010738755020080353,5059161859.77629,103.0
2025-08-10 03:10:00,2025-08-10 03:45:00,0.23922,0.24283,0.00989071147897334,4708973200.334037,35.0
2025-08-10 03:16:00,2025-08-10 04:53:00,0.24015,0.24283,0.005959691859254582,2862771486.3122354,97.0
2025-08-10 03:27:00,2025-08-10 05:05:00,0.24108,0.24273,0.0016442010950722275,789731574.8236489,98.0
2025-08-10 03:35:00,2025-08-10 03:58:00,0.24115,0.24268,0.0011445987974290014,548662081.3325291,23.0
2025-08-10 07:44:00,2025-08-10 07:48:00,0.23175,0.23315,0.0008409924487593722,401837363.02272224,4.0
2025-08-10 08:07:00,2025-08-11 02:54:00,0.22953,0.24168,0.0477342569598745,23194251442.80701,1127.0
2025-08-10 08:27:00,2025-08-10 08:55:00,0.2325,0.2345,0.003402150537634296,1725390231.5149689,28.0
2025-08-10 08:38:00,2025-08-10 09:02:00,0.23261,0.23446,0.0027532264305059565,1399688585.315487,24.0
2025-08-10 10:35:00,2025-08-10 10:48:00,0.23085,0.23281,0.0032903617067359305,1678683733.956977,13.0
2025-08-10 11:08:00,2025-08-10 13:13:00,0.23079,0.23297,0.004245816543177848,2175242341.588357,125.0
2025-08-10 11:16:00,2025-08-10 11:41:00,0.23092,0.23261,0.002118551879438875,1086465628.5603547,25.0
2025-08-10 12:12:00,2025-08-10 13:08:00,0.2309,0.2328,0.003028670420095336,1559478342.6233573,56.0
2025-08-10 12:27:00,2025-08-10 13:28:00,0.23109,0.23271,0.0018102557445151693,932084344.3048873,61.0
2025-08-10 12:32:00,2025-08-10 13:04:00,0.23109,0.23247,0.0007716993379203781,394011459.1239605,32.0
2025-08-10 14:01:00,2025-08-11 04:13:00,0.22964,0.24132,0.04566221912558786,23741789190.278393,852.0
2025-08-10 14:08:00,2025-08-10 19:39:00,0.23119,0.23553,0.013572438254249676,7373026196.43269,331.0
2025-08-10 14:19:00,2025-08-10 15:15:00,0.23211,0.23451,0.005139925035543429,2825307178.2007504,56.0
2025-08-10 14:30:00,2025-08-10 15:09:00,0.23255,0.23438,0.002669275424639855,1471136476.1208181,39.0
2025-08-10 15:52:00,2025-08-10 19:56:00,0.23169,0.23541,0.010855936812119646,6022047571.961476,244.0
2025-08-10 16:02:00,2025-08-10 19:16:00,0.23205,0.23536,0.009064167205343707,5081229031.367164,194.0
2025-08-10 16:14:00,2025-08-10 16:42:00,0.23321,0.23469,0.00114621156897221,641640549.6722674,28.0
2025-08-10 16:17:00,2025-08-10 17:12:00,0.23325,0.23459,0.0005449088960342123,301347552.27052116,55.0
2025-08-10 17:24:00,2025-08-10 19:49:00,0.23291,0.23536,0.005319084624962465,3010529068.87187,145.0
2025-08-10 17:28:00,2025-08-10 19:52:00,0.23298,0.23531,0.004800858442784784,2730845605.655395,144.0
2025-08-10 17:55:00,2025-08-10 19:11:00,0.23348,0.2353,0.0025951002227172183,1479635246.027791,76.0
2025-08-10 17:59:00,2025-08-10 19:43:00,0.23368,0.23524,0.001475795960287598,840254105.4628682,104.0
2025-08-10 20:24:00,2025-08-10 20:43:00,0.23274,0.23456,0.0026198848500472126,1499871449.18396,19.0
2025-08-10 20:32:00,2025-08-10 20:54:00,0.23282,0.23447,0.001887020015462643,1080930418.8515468,22.0
2025-08-10 21:04:00,2025-08-10 21:22:00,0.23164,0.23324,0.0017072699015713618,979046267.9996295,18.0
2025-08-10 21:37:00,2025-08-11 02:48:00,0.23112,0.24108,0.03789449636552439,21933945995.22716,311.0
2025-08-10 22:05:00,2025-08-11 02:42:00,0.23224,0.241,0.032519600413365435,19532888298.48914,277.0
2025-08-10 22:09:00,2025-08-11 04:16:00,0.23227,0.24098,0.032299461833211335,20029604337.50497,367.0
2025-08-10 22:49:00,2025-08-10 23:04:00,0.23299,0.23443,0.0009805227692175492,619207138.2805214,15.0
2025-08-10 23:22:00,2025-08-10 23:45:00,0.23261,0.23421,0.0016784661020591988,1067170240.6402798,23.0
2025-08-11 00:10:00,2025-08-11 04:21:00,0.23259,0.24094,0.030700081688808622,19702032675.45313,251.0
2025-08-11 00:49:00,2025-08-11 04:26:00,0.23307,0.24079,0.027923096065559722,18467536838.300682,217.0
2025-08-11 01:08:00,2025-08-11 05:17:00,0.23312,0.24053,0.026586204529855866,18072381070.203323,249.0
2025-08-11 01:21:00,2025-08-11 04:47:00,0.23401,0.24041,0.02214925857869329,15453765063.883038,206.0
2025-08-11 01:46:00,2025-08-11 04:05:00,0.23562,0.2403,0.014662490450725818,10452763930.6776,139.0
2025-08-11 01:52:00,2025-08-11 05:04:00,0.23563,0.24028,0.014534329245002704,10512701949.43111,192.0
2025-08-11 02:10:00,2025-08-11 05:10:00,0.23784,0.24027,0.005016952573158491,3674805522.0675073,180.0
2025-08-11 02:26:00,2025-08-11 04:41:00,0.23813,0.24019,0.00345073699239902,2537077730.2661686,135.0
2025-08-11 02:30:00,2025-08-11 03:16:00,0.23851,0.23992,0.0007117018154374852,517087700.347065,46.0
2025-08-11 03:44:00,2025-08-11 04:51:00,0.23828,0.24017,0.0027318448883666396,2014724353.5993643,67.0
2025-08-11 03:47:00,2025-08-11 04:58:00,0.2383,0.23987,0.0013883340327318005,1021712258.0633888,71.0
2025-08-11 06:18:00,2025-08-11 06:59:00,0.23721,0.23883,0.0016293916782596967,1202508835.5695677,41.0
2025-08-11 08:05:00,2025-08-11 08:35:00,0.23215,0.23667,0.014270170148610796,10626901597.62942,30.0
2025-08-11 08:23:00,2025-08-11 08:58:00,0.23486,0.23648,0.001697726305032711,1273234558.5223866,35.0
2025-08-11 11:29:00,2025-08-11 11:41:00,0.22848,0.22994,0.0011900560224090383,890929519.0020132,12.0
2025-08-11 11:53:00,2025-08-11 12:19:00,0.22722,0.22937,0.004262195229293131,3221145795.1409864,26.0
2025-08-11 12:02:00,2025-08-11 12:05:00,0.22756,0.22914,0.0017432237651608283,1316921254.2552075,3.0
2025-08-11 12:31:00,2025-08-11 12:34:00,0.22746,0.22909,0.00196609513760658,1489173942.0011225,3.0
2025-08-11 13:08:00,2025-08-11 16:05:00,0.22575,0.23355,0.029351495016611304,22419198120.379242,177.0
2025-08-11 13:14:00,2025-08-11 16:18:00,0.22582,0.23321,0.02752517934638211,21638765839.192314,184.0
2025-08-11 13:29:00,2025-08-11 16:23:00,0.22598,0.2323,0.02276707673245429,18387445057.99345,174.0
2025-08-11 13:52:00,2025-08-11 14:04:00,0.22852,0.23062,0.003989567652721822,3285990931.4201365,12.0
2025-08-11 14:11:00,2025-08-11 14:18:00,0.22846,0.22994,0.0012781581020748015,1049280623.8966017,7.0
2025-08-11 14:25:00,2025-08-11 14:38:00,0.2282,0.23103,0.007201402278703011,5971504409.05995,13.0
2025-08-11 15:08:00,2025-08-11 16:32:00,0.22728,0.23199,0.01552333685322066,12977559599.451818,84.0
2025-08-11 15:25:00,2025-08-11 16:35:00,0.22842,0.23162,0.00880928114876097,7473532056.764179,70.0
2025-08-11 16:44:00,2025-08-11 17:06:00,0.22961,0.23128,0.0020732023866556542,1765389041.4143476,22.0
2025-08-11 17:16:00,2025-08-11 17:28:00,0.22916,0.23147,0.004880293244894425,4180005199.5459375,12.0
2025-08-11 18:04:00,2025-08-11 18:39:00,0.22821,0.23155,0.00943564260987691,8131842982.051898,35.0
2025-08-11 18:17:00,2025-08-11 18:50:00,0.22925,0.23152,0.004701853871319495,4084316488.802126,33.0
2025-08-11 18:22:00,2025-08-11 18:58:00,0.22961,0.23131,0.002203858716954746,1917054623.5707035,36.0
2025-08-11 20:17:00,2025-08-11 21:15:00,0.22599,0.22777,0.0026764547103854328,2335784085.5754986,58.0
2025-08-11 21:53:00,2025-08-11 22:00:00,0.22304,0.22449,0.001301076040172198,1132358967.3346176,7.0
2025-08-11 22:25:00,2025-08-12 02:39:00,0.22146,0.22723,0.020854366477016155,18352779320.870575,254.0
2025-08-11 22:30:00,2025-08-12 02:44:00,0.22186,0.22702,0.018057910393942115,16220474702.871822,254.0
2025-08-11 22:41:00,2025-08-11 23:15:00,0.2224,0.2237,0.0006453237410072995,578131783.37323,34.0
2025-08-11 23:59:00,2025-08-12 04:42:00,0.22207,0.22636,0.014118232989597947,12915333398.388132,283.0
2025-08-12 00:09:00,2025-08-12 04:53:00,0.22264,0.22631,0.01128401006108519,10465282988.08456,284.0
2025-08-12 00:33:00,2025-08-12 04:35:00,0.22319,0.22628,0.008644706304045922,8104626146.061423,242.0
2025-08-12 00:41:00,2025-08-12 04:48:00,0.22358,0.22605,0.005847499776366401,5525216227.656391,247.0
2025-08-12 00:46:00,2025-08-12 02:53:00,0.22368,0.22604,0.005350786838340492,5084201680.6575165,127.0
2025-08-12 01:05:00,2025-08-12 04:59:00,0.22405,0.22597,0.0033695157330953136,3213877598.995268,234.0
2025-08-12 01:15:00,2025-08-12 03:03:00,0.22429,0.22589,0.0019336216505417905,1844930459.2239733,108.0
2025-08-12 04:00:00,2025-08-12 04:29:00,0.22413,0.22577,0.002117181992593596,2025178681.0124245,29.0
2025-08-12 05:41:00,2025-08-12 06:01:00,0.22262,0.224,0.0009989039619081501,950593591.1282253,20.0
2025-08-12 06:15:00,2025-08-12 08:45:00,0.22175,0.22559,0.0121167981961669,11687813859.033133,150.0
2025-08-12 06:21:00,2025-08-12 07:26:00,0.22304,0.22545,0.005605236728837981,5464938429.809017,65.0
2025-08-12 06:58:00,2025-08-12 07:51:00,0.22345,0.22533,0.0032135153278137953,3144870759.854538,53.0
2025-08-12 10:13:00,2025-08-12 10:32:00,0.22036,0.22182,0.0014255218732981897,1392087643.9717464,19.0
2025-08-12 10:16:00,2025-08-12 10:26:00,0.22053,0.22181,0.0006041989751961341,583148187.2024279,10.0
2025-08-12 10:40:00,2025-08-12 10:51:00,0.22019,0.22146,0.0005677460375130275,547480189.3967686,11.0
2025-08-12 11:11:00,2025-08-13 09:28:00,0.21901,0.24748,0.1247940641979818,123337699688.04407,1337.0
2025-08-12 11:26:00,2025-08-13 12:43:00,0.22022,0.24745,0.11844907819453276,131635664639.4571,1517.0
2025-08-12 11:44:00,2025-08-13 10:53:00,0.22066,0.24741,0.11602722740868303,144175719151.79575,1389.0
2025-08-12 12:17:00,2025-08-13 09:31:00,0.22075,0.2474,0.11552480181200457,160161947778.98926,1274.0
2025-08-12 12:20:00,2025-08-13 12:38:00,0.22081,0.24733,0.11490325619310714,177653260414.31244,1458.0
2025-08-12 12:28:00,2025-08-14 01:34:00,0.2224,0.24733,0.10689532374100724,184209168276.87762,2226.0
2025-08-12 12:37:00,2025-08-12 12:42:00,0.22541,0.2276,0.0045156292977241354,8586426009.745663,5.0
2025-08-12 13:05:00,2025-08-12 13:29:00,0.22444,0.22668,0.004780395651399002,9132216242.290028,24.0
2025-08-12 13:15:00,2025-08-12 13:33:00,0.22482,0.22667,0.0030288052664354526,5804019204.609428,18.0
2025-08-12 13:50:00,2025-08-13 12:03:00,0.22316,0.2472,0.10252539881699232,197917272346.24255,1333.0
2025-08-12 14:00:00,2025-08-13 13:20:00,0.22336,0.24717,0.10139921203438394,215756770394.6781,1400.0
2025-08-12 14:18:00,2025-08-13 11:06:00,0.22418,0.24713,0.09717309305022749,227671576598.86115,1248.0
2025-08-12 14:46:00,2025-08-13 11:48:00,0.22454,0.24703,0.09496032778124171,244046935706.9925,1262.0
2025-08-12 14:55:00,2025-08-14 06:08:00,0.2261,0.24689,0.08675046439628485,244057510626.7426,2353.0
2025-08-12 15:14:00,2025-08-14 06:11:00,0.22655,0.24689,0.08458150518649304,258540344117.4229,2337.0
2025-08-12 15:20:00,2025-08-14 01:59:00,0.22716,0.24679,0.08121486177143868,269187103232.98523,2079.0
2025-08-12 15:31:00,2025-08-14 00:21:00,0.22779,0.2466,0.0773760568945082,277232082214.6675,1970.0
2025-08-12 15:41:00,2025-08-13 13:10:00,0.22796,0.24652,0.07621779259519211,294152719954.9011,1289.0
2025-08-12 15:48:00,2025-08-13 11:35:00,0.22807,0.24651,0.07565236988643843,314161670637.99536,1187.0
2025-08-12 16:15:00,2025-08-13 08:02:00,0.22819,0.2465,0.07504015075156664,335128049356.32336,947.0
2025-08-12 16:44:00,2025-08-13 11:56:00,0.2288,0.24649,0.07211643356643349,346169289914.7256,1152.0
2025-08-12 16:50:00,2025-08-13 12:55:00,0.22923,0.24645,0.06992105745321299,359766097393.4377,1205.0
2025-08-12 17:00:00,2025-08-13 11:40:00,0.23032,0.24623,0.06387780479333105,351582063240.75354,1120.0
2025-08-12 17:10:00,2025-08-12 17:22:00,0.23163,0.23314,0.001319017398437092,7644544422.901268,12.0
2025-08-12 17:14:00,2025-08-12 17:25:00,0.23165,0.23314,0.0012321174185192813,7144965379.39061,11.0
2025-08-12 17:30:00,2025-08-13 23:37:00,0.23104,0.24622,0.060502908587257626,355106723928.23505,1807.0
2025-08-12 17:54:00,2025-08-13 11:27:00,0.2312,0.2462,0.05967889273356408,371401759573.5663,1053.0
2025-08-12 17:57:00,2025-08-14 07:36:00,0.23141,0.24619,0.058669322846895064,386845654940.20746,2259.0
2025-08-12 18:00:00,2025-08-13 23:08:00,0.23144,0.24618,0.058488212927756675,408213054982.2594,1748.0
2025-08-12 18:09:00,2025-08-12 18:18:00,0.23291,0.23509,0.0041598385642522325,30633474380.008507,9.0
2025-08-12 18:56:00,2025-08-12 20:18:00,0.23262,0.23802,0.01801382512251748,133539154077.8044,82.0
2025-08-12 19:08:00,2025-08-12 20:21:00,0.23363,0.23796,0.013333578735607587,100591786634.00186,73.0
2025-08-12 19:12:00,2025-08-12 21:26:00,0.23371,0.2379,0.012728201617389068,97295689108.42703,134.0
2025-08-12 19:19:00,2025-08-12 19:36:00,0.23443,0.23594,0.001241155142259998,9513034471.81388,17.0
2025-08-12 19:43:00,2025-08-13 00:46:00,0.23423,0.23775,0.009827963967040923,76147876227.63109,303.0
2025-08-12 19:52:00,2025-08-13 00:39:00,0.23495,0.23766,0.006334369014684052,49521893138.06563,287.0
2025-08-12 20:05:00,2025-08-12 20:26:00,0.23517,0.23765,0.005345562784368797,42038224143.165085,21.0
2025-08-12 20:09:00,2025-08-12 20:33:00,0.23526,0.23744,0.00406634361982494,32122626961.42952,24.0
2025-08-12 20:13:00,2025-08-12 20:59:00,0.23528,0.23742,0.0038955457327439786,30893248884.79013,46.0
2025-08-12 21:34:00,2025-08-12 21:42:00,0.23586,0.23724,0.000650928516916901,5091916359.462898,8.0
2025-08-12 22:05:00,2025-08-12 23:01:00,0.23524,0.23745,0.004194660771977511,33423701349.376587,56.0
2025-08-12 22:11:00,2025-08-12 22:31:00,0.23529,0.23704,0.002237630158527781,17853368491.436386,20.0
2025-08-13 00:01:00,2025-08-13 00:32:00,0.23528,0.23694,0.0018554233253996206,14818068708.551483,31.0
2025-08-13 02:08:00,2025-08-13 11:24:00,0.23149,0.24616,0.05817206790790094,468752368455.69324,556.0
2025-08-13 02:23:00,2025-08-13 22:53:00,0.23201,0.24616,0.055788750484892874,475619823415.821,1230.0
2025-08-13 02:31:00,2025-08-14 00:15:00,0.23238,0.24614,0.054013357431792725,486096859153.9663,1304.0
2025-08-13 02:34:00,2025-08-14 06:16:00,0.23261,0.24611,0.05283705773612478,501118590760.00977,1662.0
2025-08-13 02:43:00,2025-08-13 23:22:00,0.23442,0.24603,0.044326490913744604,442530039893.6086,1239.0
2025-08-13 02:53:00,2025-08-13 03:01:00,0.23572,0.23787,0.0039209910062785736,40746172831.41933,8.0
2025-08-13 03:10:00,2025-08-13 04:55:00,0.23517,0.24038,0.016954186333290898,177342912666.722,105.0
2025-08-13 03:31:00,2025-08-13 04:27:00,0.23627,0.24036,0.01211070385575817,128778706013.68082,56.0
2025-08-13 03:59:00,2025-08-13 04:36:00,0.23819,0.24008,0.002734841932910596,29318655000.05725,37.0
2025-08-13 06:04:00,2025-08-13 23:04:00,0.23456,0.24597,0.043444270122783096,469184756646.6559,1020.0
2025-08-13 06:28:00,2025-08-14 00:06:00,0.23502,0.2459,0.04109393243128244,463018083707.0338,1058.0
2025-08-13 06:45:00,2025-08-13 13:50:00,0.23507,0.24589,0.040828842472454996,478879328061.3756,425.0
2025-08-13 06:54:00,2025-08-14 00:38:00,0.23583,0.24589,0.03745784675401766,457212642723.57587,1064.0
2025-08-13 07:06:00,2025-08-13 23:31:00,0.23617,0.24588,0.03591445145446076,454738716978.8688,985.0
2025-08-13 07:12:00,2025-08-14 00:09:00,0.23699,0.24588,0.03231213131355745,423759153164.8939,1017.0
2025-08-13 07:18:00,2025-08-14 07:39:00,0.23768,0.2458,0.028963581285762322,392061928683.21735,1461.0
2025-08-13 07:31:00,2025-08-13 23:17:00,0.23836,0.24578,0.025929384124853207,361104855984.7588,946.0
2025-08-13 07:36:00,2025-08-14 07:24:00,0.23879,0.24576,0.02398882700280583,342700682387.7213,1428.0
2025-08-13 07:39:00,2025-08-14 07:14:00,0.23905,0.24575,0.022827609286760024,333900390130.6625,1415.0
2025-08-13 07:50:00,2025-08-13 14:08:00,0.24074,0.24532,0.013824673922073608,206735385157.4353,378.0
2025-08-13 13:42:00,2025-08-13 13:45:00,0.24263,0.24483,0.0038673041256232932,58480494887.60791,3.0
2025-08-13 13:56:00,2025-08-13 13:59:00,0.24294,0.24479,0.002415048983288131,36582652914.35162,3.0
2025-08-13 14:17:00,2025-08-13 14:44:00,0.24137,0.24353,0.0037489166010688784,57038140599.64398,27.0
2025-08-13 15:16:00,2025-08-13 15:23:00,0.24022,0.24178,0.0012940471234701772,19625674374.718292,7.0
2025-08-13 15:31:00,2025-08-14 07:18:00,0.24003,0.24575,0.01863035453901597,285697925935.2743,947.0
2025-08-13 16:02:00,2025-08-13 16:27:00,0.24087,0.24365,0.006341495412463174,98913286438.07632,25.0
2025-08-13 16:09:00,2025-08-13 16:36:00,0.24093,0.24359,0.005840551197443223,91657796933.41818,27.0
2025-08-13 16:43:00,2025-08-14 07:30:00,0.24028,0.24572,0.017440253038122192,275712555727.8928,887.0
2025-08-13 16:50:00,2025-08-13 18:03:00,0.24083,0.24379,0.0070908275547067155,113917681853.08708,73.0
2025-08-13 17:06:00,2025-08-13 17:30:00,0.24197,0.2437,0.0019496466504112468,31383830500.29677,24.0
2025-08-13 17:36:00,2025-08-13 18:13:00,0.2423,0.24369,0.0005366900536525072,8496333490.359833,37.0
2025-08-13 18:37:00,2025-08-13 23:49:00,0.24074,0.24546,0.014406214172966694,233875920430.03162,312.0
2025-08-13 18:49:00,2025-08-13 23:53:00,0.2411,0.24544,0.012800829531314735,210771813864.85516,304.0
2025-08-13 18:58:00,2025-08-13 23:44:00,0.24199,0.24541,0.008932815405595184,148890628386.23322,286.0
2025-08-13 19:07:00,2025-08-13 19:55:00,0.24227,0.24421,0.0028075948322119834,47056271904.6927,48.0
2025-08-13 19:14:00,2025-08-13 19:59:00,0.24228,0.2439,0.0014864784546805782,24875605752.241013,45.0
2025-08-13 20:26:00,2025-08-14 06:25:00,0.2421,0.24531,0.008058983890954113,136075612465.4162,599.0
2025-08-13 20:32:00,2025-08-13 21:22:00,0.24285,0.24436,0.0010178299361745255,17122009007.062393,50.0
2025-08-13 20:55:00,2025-08-13 21:19:00,0.24293,0.24435,0.0006453052319598425,10781575891.922592,24.0
2025-08-13 21:50:00,2025-08-13 22:41:00,0.24229,0.24524,0.00697549217879404,118888720354.35081,51.0
2025-08-13 21:58:00,2025-08-14 00:47:00,0.24286,0.24493,0.0033234291361278773,56915068472.49106,169.0
2025-08-14 01:08:00,2025-08-14 07:57:00,0.24272,0.24524,0.005182333553065353,89173349982.35747,409.0
2025-08-14 01:13:00,2025-08-14 06:21:00,0.24311,0.24517,0.0032735305005964638,56532040889.36633,308.0
2025-08-14 01:16:00,2025-08-14 07:44:00,0.24315,0.24501,0.002449599012954968,42381396720.17757,388.0
2025-08-14 09:03:00,2025-08-14 09:27:00,0.24069,0.24224,0.0012398188541278147,21385920526.22815,24.0
2025-08-14 09:40:00,2025-08-14 09:57:00,0.24074,0.24259,0.002484639029658514,1.2323294840907004,17.0
2025-08-14 09:44:00,2025-08-14 09:56:00,0.24066,0.2428,0.003692213080694654,64233909106.92639,12.0
2025-08-14 11:22:00,2025-08-14 12:29:00,0.23714,0.23919,0.00344468246605391,60131540554.1647,67.0
2025-08-14 11:47:00,2025-08-14 12:24:00,0.23723,0.23898,0.002176807317792866,38041387236.2437,37.0
2025-08-14 12:34:00,2025-08-14 14:32:00,0.22042,0.22912,0.03427010253153065,603710656082.2554,118.0
2025-08-14 12:39:00,2025-08-14 12:43:00,0.22422,0.22891,0.015716956560520915,286200152002.8816,4.0
2025-08-14 12:48:00,2025-08-14 12:51:00,0.2269,0.22826,0.0007938298810048492,14443520752.369827,3.0
2025-08-14 13:04:00,2025-08-14 14:37:00,0.22238,0.22858,0.022680205054411418,419904733836.9068,93.0
2025-08-14 13:23:00,2025-08-14 13:52:00,0.22433,0.22835,0.012720028529398634,240711882319.32858,29.0
2025-08-14 13:27:00,2025-08-14 14:49:00,0.22507,0.22834,0.00932881325809746,178705042809.36285,82.0
2025-08-14 13:30:00,2025-08-14 14:53:00,0.22508,0.22831,0.009150453172205485,176911925656.96936,83.0
2025-08-14 13:41:00,2025-08-14 14:46:00,0.22524,0.2283,0.008385508790623367,163578043164.4514,65.0
2025-08-14 14:13:00,2025-08-14 14:59:00,0.22576,0.22821,0.005652232459248795,111093030956.47487,46.0
2025-08-14 15:37:00,2025-08-14 15:40:00,0.22502,0.22657,0.0016882765976357472,33180870555.936707,3.0
2025-08-14 16:30:00,2025-08-14 17:27:00,0.22204,0.22427,0.004843235453071564,95849183983.642,57.0
2025-08-14 16:46:00,2025-08-14 16:51:00,0.22289,0.22422,0.0007670689577818557,15026167738.167694,5.0
2025-08-14 17:10:00,2025-08-14 17:30:00,0.22206,0.22424,0.004617166531567988,91871750477.72626,20.0
2025-08-14 17:18:00,2025-08-14 17:33:00,0.22212,0.22414,0.003894183324329165,77799163511.01396,15.0
2025-08-14 18:22:00,2025-08-14 19:38:00,0.22119,0.22505,0.012251060174510612,246288137291.8485,76.0
2025-08-14 18:35:00,2025-08-14 19:28:00,0.22331,0.2249,0.0019201468810173313,38839807729.94183,53.0
2025-08-14 20:11:00,2025-08-14 20:24:00,0.2224,0.22377,0.0009600719424460889,19318471119.725388,13.0
2025-08-14 20:46:00,2025-08-14 21:11:00,0.22154,0.22283,0.0006228762300262416,12448023912.142548,25.0
2025-08-14 21:36:00,2025-08-17 15:55:00,0.21774,0.2423,0.10759507669697806,2199154876943.3823,3979.0
2025-08-14 21:42:00,2025-08-17 16:08:00,0.2186,0.24225,0.102988472095151,2330856804358.0273,3986.0
2025-08-14 22:03:00,2025-08-17 16:00:00,0.21879,0.24209,0.10129481237716526,2527978814773.2773,3957.0
2025-08-14 22:07:00,2025-08-17 16:04:00,0.21896,0.24204,0.10020738034344182,2753465844617.374,3957.0
2025-08-14 22:14:00,2025-08-17 15:52:00,0.22012,0.24116,0.0903842267853898,2731697497820.95,3938.0
2025-08-14 22:18:00,2025-08-15 06:03:00,0.22028,0.23297,0.05240849827492286,1726533594506.455,465.0
2025-08-14 22:27:00,2025-08-15 10:21:00,0.22099,0.23269,0.04774357210733525,1655006791623.9795,714.0
2025-08-14 22:42:00,2025-08-15 04:12:00,0.22151,0.2325,0.04441401291138097,1612848529933.2642,330.0
2025-08-14 22:50:00,2025-08-15 06:07:00,0.22192,0.23247,0.042339653929343926,1605585446422.702,437.0
2025-08-14 22:59:00,2025-08-15 10:26:00,0.22242,0.23238,0.03958014567035337,1564269463554.0813,687.0
2025-08-14 23:10:00,2025-08-15 10:08:00,0.22254,0.2323,0.038657284083760304,1588076067225.958,658.0
2025-08-14 23:16:00,2025-08-15 06:21:00,0.22288,0.23229,0.037020028715003594,1579408843343.3062,425.0
2025-08-14 23:20:00,2025-08-15 06:42:00,0.22305,0.23218,0.035732526339385784,1580727376968.9182,442.0
2025-08-14 23:25:00,2025-08-15 00:15:00,0.22329,0.22513,0.003040404854673332,138724084074.49792,50.0
2025-08-15 00:32:00,2025-08-15 12:30:00,0.22305,0.23211,0.035418695359784855,1627558063420.3438,718.0
2025-08-15 01:01:00,2025-08-15 08:31:00,0.22307,0.23204,0.035011592773568856,1665656982831.308,450.0
2025-08-15 01:04:00,2025-08-15 10:17:00,0.22317,0.23202,0.03445586772415646,1696428352556.5535,553.0
2025-08-15 01:15:00,2025-08-15 08:43:00,0.2232,0.23193,0.033912903225806396,1727043368364.1865,448.0
2025-08-15 01:20:00,2025-08-15 10:40:00,0.22418,0.23186,0.029058185386742885,1529744800622.5962,560.0
2025-08-15 01:27:00,2025-08-15 08:27:00,0.22462,0.23184,0.026943175140236867,1459438160756.3613,420.0
2025-08-15 01:31:00,2025-08-15 06:30:00,0.22478,0.23171,0.025630145030696643,1425567733337.7185,299.0
2025-08-15 01:34:00,2025-08-15 09:06:00,0.22489,0.23162,0.02472574147360926,1410374816280.8184,452.0
2025-08-15 01:41:00,2025-08-15 06:33:00,0.22524,0.23161,0.023080944770023152,1348951995065.4492,292.0
2025-08-15 01:45:00,2025-08-15 08:24:00,0.22533,0.2316,0.022625855412062298,1352762540313.6309,399.0
2025-08-15 02:03:00,2025-08-15 02:30:00,0.22551,0.22733,0.0028705955390005596,174774969658.8203,27.0
2025-08-15 03:01:00,2025-08-15 10:13:00,0.22549,0.23156,0.021719153842742436,1331589763544.2974,432.0
2025-08-15 03:04:00,2025-08-15 09:09:00,0.22581,0.23149,0.01995389043886449,1249778125350.885,365.0
2025-08-15 03:13:00,2025-08-15 09:14:00,0.22645,0.23149,0.017056568778979857,1089430536121.209,361.0
2025-08-15 03:21:00,2025-08-15 08:55:00,0.22673,0.23148,0.015750028668460304,1023012561450.9546,334.0
2025-08-15 03:24:00,2025-08-15 08:35:00,0.22673,0.23147,0.015705923344947834,1036157068638.0497,311.0
2025-08-15 03:40:00,2025-08-15 04:21:00,0.22808,0.23136,0.009180918975797987,614789318785.9769,41.0
2025-08-15 03:44:00,2025-08-15 04:25:00,0.22831,0.23113,0.007151627173579735,483076276276.7788,41.0
2025-08-15 04:05:00,2025-08-15 04:29:00,0.22872,0.23074,0.003631759356418301,246608966649.9873,24.0
2025-08-15 05:14:00,2025-08-15 08:50:00,0.22752,0.23144,0.012029254571026753,821919552780.315,216.0
2025-08-15 05:21:00,2025-08-15 06:48:00,0.22775,0.23136,0.01065071350164655,736342255243.403,87.0
2025-08-15 05:31:00,2025-08-15 09:50:00,0.22794,0.23134,0.00971620601912778,678778190901.1133,259.0
2025-08-15 05:39:00,2025-08-15 08:10:00,0.22856,0.23129,0.00674434721736079,475429683672.03784,151.0
2025-08-15 05:51:00,2025-08-15 06:52:00,0.22964,0.23124,0.0017674272774777493,124716476134.15826,61.0
2025-08-15 07:51:00,2025-08-15 09:00:00,0.22909,0.23129,0.004403212711161586,312691167371.15283,69.0
2025-08-15 09:28:00,2025-08-15 09:47:00,0.22954,0.23117,0.0019011588394179345,135049529029.84271,19.0
2025-08-15 09:56:00,2025-08-15 11:07:00,0.22891,0.23123,0.004934987549691969,352769207525.9999,71.0
2025-08-15 12:20:00,2025-08-15 12:45:00,0.22843,0.23087,0.005481609245720781,393875100861.89417,25.0
2025-08-15 12:29:00,2025-08-15 13:06:00,0.22845,0.23038,0.0032482381265047724,234271564913.9123,37.0
2025-08-15 14:00:00,2025-08-15 14:16:00,0.22621,0.22906,0.00739891251491985,536609398260.7202,16.0
2025-08-15 15:08:00,2025-08-15 15:18:00,0.22342,0.22563,0.004691683824187583,342409870499.94666,10.0
2025-08-15 15:28:00,2025-08-15 15:36:00,0.22242,0.22383,0.0011393579714054245,82786230381.34467,8.0
2025-08-15 15:45:00,2025-08-15 15:54:00,0.22153,0.2231,0.0018870762424953195,137924608967.86182,9.0
2025-08-15 16:07:00,2025-08-17 15:49:00,0.22023,0.24044,0.08656769740725595,6383837737107.159,2862.0
2025-08-15 16:15:00,2025-08-17 16:23:00,0.22034,0.2391,0.07994114550240537,6404011700586.225,2888.0
2025-08-15 16:21:00,2025-08-17 15:39:00,0.22077,0.23891,0.076966961090728,6657241317407.051,2838.0
2025-08-15 16:29:00,2025-08-15 16:48:00,0.22249,0.22439,0.0033397096498719615,309831152513.61804,19.0
2025-08-15 17:20:00,2025-08-15 17:27:00,0.22145,0.22487,0.010243666741928104,956095851172.8855,7.0
2025-08-15 17:24:00,2025-08-15 17:30:00,0.22189,0.2248,0.007914606336473009,745958747812.1466,6.0
2025-08-15 18:45:00,2025-08-15 18:50:00,0.22268,0.22402,0.0008176037363032511,76510533369.5597,5.0
2025-08-15 19:03:00,2025-08-17 16:37:00,0.22141,0.23867,0.0727549252517953,6927373597458.03,2734.0
2025-08-15 19:08:00,2025-08-15 19:15:00,0.22188,0.22417,0.005120894177032695,521675292767.5665,7.0
2025-08-15 19:30:00,2025-08-17 16:32:00,0.22151,0.23836,0.0708688005056204,7274184311938.191,2702.0
2025-08-15 20:00:00,2025-08-17 16:29:00,0.22152,0.23831,0.07059451065366558,7758108989703.644,2669.0
2025-08-15 20:07:00,2025-08-17 15:32:00,0.22191,0.2383,0.06865877157406164,8076509075298.988,2605.0
2025-08-15 20:24:00,2025-08-17 16:42:00,0.22221,0.23827,0.06707397506862886,8430254438855.242,2658.0
2025-08-15 20:49:00,2025-08-17 16:46:00,0.22293,0.23826,0.0635659803525771,8523629893926.297,2637.0
2025-08-15 21:16:00,2025-08-16 00:46:00,0.2264,0.23569,0.03583356890459373,5108690908374.076,210.0
2025-08-15 21:30:00,2025-08-15 21:59:00,0.22738,0.22978,0.005355018031489196,789022404985.8926,29.0
2025-08-15 21:40:00,2025-08-15 21:54:00,0.22794,0.22953,0.0017755198736509967,261657934851.38562,14.0
2025-08-15 22:19:00,2025-08-15 23:01:00,0.22731,0.23166,0.013936861554704996,2071293551511.2834,42.0
2025-08-15 22:26:00,2025-08-15 22:49:00,0.22822,0.22954,0.000583892735080133,86024230487.28357,23.0
2025-08-15 23:37:00,2025-08-16 01:13:00,0.22711,0.23551,0.03178648232134204,4795049352880.566,96.0
2025-08-15 23:45:00,2025-08-16 00:53:00,0.2272,0.23527,0.030319366197183072,4718577798212.441,68.0
2025-08-15 23:51:00,2025-08-16 00:59:00,0.22788,0.23526,0.027185466034755124,4358512787456.318,68.0
2025-08-16 00:02:00,2025-08-16 00:49:00,0.22825,0.23514,0.024986199342825758,4114299811801.03,47.0
2025-08-16 00:08:00,2025-08-16 00:56:00,0.22867,0.23512,0.023006585909826315,3882508265479.6772,48.0
2025-08-16 00:21:00,2025-08-16 09:30:00,0.22868,0.23493,0.02213076788525453,3820268246585.5674,549.0
2025-08-16 00:29:00,2025-08-16 01:53:00,0.22887,0.23492,0.021234220299733472,3746266972616.2627,84.0
2025-08-16 00:40:00,2025-08-16 01:49:00,0.23089,0.23469,0.011258053618606254,2027103619377.6448,69.0
2025-08-16 01:23:00,2025-08-16 01:36:00,0.23284,0.23468,0.0027024222642158067,490172343111.0619,13.0
2025-08-16 02:53:00,2025-08-16 03:13:00,0.23198,0.23463,0.0062233985688422006,1135071676807.9507,20.0
2025-08-16 03:01:00,2025-08-16 03:23:00,0.23211,0.23443,0.004795260867691994,879441737270.3857,22.0
2025-08-16 04:15:00,2025-08-16 04:30:00,0.23239,0.23382,0.0009534489435861562,173687802596.72217,15.0
2025-08-16 06:38:00,2025-08-16 09:35:00,0.22985,0.23468,0.015813704589949972,2922528216132.0166,177.0
2025-08-16 06:44:00,2025-08-16 09:40:00,0.23024,0.23453,0.01343273106323831,2521239325153.36,176.0
2025-08-16 06:53:00,2025-08-16 09:19:00,0.23059,0.23451,0.011799869898954884,2244090804109.592,146.0
2025-08-16 06:57:00,2025-08-16 09:45:00,0.23086,0.23428,0.009614173091917087,1849427133251.8267,168.0
2025-08-16 07:08:00,2025-08-16 09:11:00,0.23165,0.23402,0.005030951867040842,975787712743.9636,123.0
2025-08-16 07:20:00,2025-08-16 07:50:00,0.23202,0.23362,0.0016959572450650391,328832421327.4241,30.0
2025-08-16 10:00:00,2025-08-16 10:04:00,0.23086,0.23227,0.0009075976782465332,175037512975.63647,4.0
2025-08-16 10:56:00,2025-08-16 11:15:00,0.2291,0.23105,0.0033115670013095042,646267470776.8594,19.0
2025-08-16 12:16:00,2025-08-17 22:43:00,0.22523,0.23808,0.05185279048084181,10191659905123.428,2067.0
2025-08-16 12:26:00,2025-08-17 17:07:00,0.2262,0.23791,0.046568346595932786,9625968459978.533,1721.0
2025-08-16 12:46:00,2025-08-16 13:21:00,0.22708,0.22995,0.007438717632552333,1606562937105.1538,35.0
2025-08-16 12:54:00,2025-08-16 13:30:00,0.22762,0.22956,0.0033229768913100675,721353863922.5417,36.0
2025-08-16 14:00:00,2025-08-17 22:50:00,0.22676,0.23775,0.0432653378020815,9458699667536.951,1970.0
2025-08-16 14:06:00,2025-08-17 17:11:00,0.22679,0.23774,0.04308255214074702,9825043936478.967,1625.0
2025-08-16 14:16:00,2025-08-17 17:26:00,0.22729,0.23769,0.04055652250428976,9646098348654.168,1630.0
2025-08-16 14:26:00,2025-08-17 17:32:00,0.22791,0.23758,0.03722902900267655,9212462370146.738,1626.0
2025-08-16 14:36:00,2025-08-16 15:01:00,0.22812,0.22961,0.0013316500087673993,338397605082.6997,25.0
2025-08-16 15:10:00,2025-08-17 17:04:00,0.22795,0.23756,0.036958368063171654,9497399225669.807,1554.0
2025-08-16 15:45:00,2025-08-17 15:27:00,0.22817,0.23745,0.035471429197528076,9451034019568.543,1422.0
2025-08-16 15:54:00,2025-08-16 16:20:00,0.22839,0.23108,0.006578098865974859,1811610961042.776,26.0
2025-08-16 15:58:00,2025-08-16 16:24:00,0.22854,0.2308,0.0046888597182113065,1298687212454.2773,26.0
2025-08-16 16:06:00,2025-08-16 16:14:00,0.22917,0.23064,0.001214452153423219,335135832602.36035,8.0
2025-08-16 17:41:00,2025-08-17 22:34:00,0.22818,0.2374,0.03520669646770097,9833158634413.867,1733.0
2025-08-16 17:46:00,2025-08-17 22:37:00,0.22823,0.23739,0.03493495158392851,10099726430483.201,1731.0
2025-08-16 18:04:00,2025-08-17 22:59:00,0.22834,0.23736,0.03430249627748096,10262220570903.818,1735.0
2025-08-16 18:10:00,2025-08-16 19:32:00,0.22888,0.23041,0.0014847256204124594,455359801182.0464,82.0
2025-08-16 20:07:00,2025-08-16 22:55:00,0.22886,0.23133,0.005592624311806344,1729379267584.9302,168.0
2025-08-16 22:03:00,2025-08-16 22:52:00,0.22917,0.23132,0.004181681720993084,1299210013450.7705,49.0
2025-08-16 22:09:00,2025-08-16 23:53:00,0.22947,0.23125,0.0025570052730204545,796092303518.1548,104.0
2025-08-16 22:13:00,2025-08-17 00:36:00,0.22953,0.23118,0.001988602797019931,619752249174.2969,143.0
2025-08-16 23:30:00,2025-08-16 23:59:00,0.22972,0.23115,0.0010249695281211333,317997948685.84937,29.0
2025-08-17 01:17:00,2025-08-17 17:01:00,0.22845,0.23733,0.033670650032830055,10592775061387.332,944.0
2025-08-17 01:20:00,2025-08-17 17:18:00,0.22848,0.2373,0.03340294117647069,10861286696812.275,958.0
2025-08-17 01:29:00,2025-08-17 17:22:00,0.22903,0.23704,0.029773584246605197,10003079185786.906,953.0
2025-08-17 01:46:00,2025-08-17 16:55:00,0.2301,0.23698,0.02470004345936548,8544035939556.736,909.0
2025-08-17 01:55:00,2025-08-17 02:05:00,0.23085,0.23264,0.0025539527831926097,900884762623.3499,10.0
2025-08-17 02:15:00,2025-08-17 17:46:00,0.23052,0.23664,0.021348672566371622,7585105290921.594,931.0
2025-08-17 02:36:00,2025-08-17 18:11:00,0.2315,0.23637,0.015836717062634925,5745191700040.206,935.0
2025-08-17 02:45:00,2025-08-17 18:01:00,0.23187,0.23621,0.013517384741449995,4980451584687.46,916.0
2025-08-17 03:25:00,2025-08-17 04:54:00,0.23248,0.23591,0.009553957329662837,3566061300093.8535,89.0
2025-08-17 03:30:00,2025-08-17 04:50:00,0.23276,0.23582,0.007946588760955522,2993466815399.0,80.0
2025-08-17 03:56:00,2025-08-17 05:16:00,0.23348,0.23573,0.004436799725886594,1682282374492.269,80.0
2025-08-17 04:16:00,2025-08-17 05:12:00,0.23375,0.2357,0.003142245989304725,1195177393544.7952,56.0
2025-08-17 07:05:00,2025-08-17 09:00:00,0.23234,0.23545,0.008185555651200833,3131491535840.3057,115.0
2025-08-17 08:01:00,2025-08-17 08:55:00,0.23266,0.23523,0.005846161781139813,2253258519407.885,54.0
2025-08-17 08:09:00,2025-08-17 09:05:00,0.23281,0.23518,0.004979975086980847,1929793922532.414,56.0
2025-08-17 08:25:00,2025-08-17 09:11:00,0.23336,0.23471,0.0005850531367843246,223166040325.30273,46.0
2025-08-17 09:43:00,2025-08-17 11:52:00,0.23242,0.2347,0.004609827037260152,1795835939488.8354,129.0
2025-08-17 09:48:00,2025-08-17 12:00:00,0.23282,0.23468,0.0027890043810669205,1089383079247.5308,132.0
2025-08-17 13:12:00,2025-08-17 18:16:00,0.23228,0.23615,0.011460926468055847,4505610928002.062,304.0
2025-08-17 13:18:00,2025-08-17 17:54:00,0.23281,0.23588,0.007986718783557481,3174015929508.95,276.0
2025-08-17 13:21:00,2025-08-17 15:15:00,0.23293,0.23585,0.0073359550079423255,2938136057011.5967,114.0
2025-08-17 13:24:00,2025-08-17 18:23:00,0.23294,0.2357,0.0066485446896195795,2681754309391.057,299.0
2025-08-17 13:28:00,2025-08-17 15:23:00,0.23294,0.23563,0.006348038121404645,2577237824386.8784,115.0
2025-08-17 13:33:00,2025-08-17 15:05:00,0.23295,0.23556,0.006004121056020611,2452711234645.8623,92.0
2025-08-17 14:22:00,2025-08-17 15:08:00,0.23323,0.23556,0.004790138489902666,1967356712897.0488,46.0
2025-08-17 14:35:00,2025-08-17 18:36:00,0.23337,0.23544,0.0036700347088315394,1513188515117.1558,241.0
2025-08-17 18:55:00,2025-08-17 23:16:00,0.23087,0.23634,0.018492987395503976,7675373146868.914,261.0
2025-08-17 19:03:00,2025-08-17 19:28:00,0.23242,0.23389,0.0011247569056019244,470040774967.45557,25.0
2025-08-17 19:56:00,2025-08-17 22:25:00,0.23201,0.23631,0.013333683892935641,5640688775303.849,149.0
2025-08-17 20:09:00,2025-08-17 23:43:00,0.23202,0.23585,0.011307197655374537,4846068825945.267,214.0
2025-08-17 20:24:00,2025-08-17 23:34:00,0.23252,0.23573,0.008605264063306342,3728204807077.286,190.0
2025-08-17 21:01:00,2025-08-17 23:22:00,0.23277,0.23553,0.006657198092537632,2907583959790.5303,141.0
2025-08-17 21:31:00,2025-08-17 23:48:00,0.23279,0.23553,0.006570265045749356,2888552412102.8887,137.0
2025-08-17 21:34:00,2025-08-18 00:11:00,0.23285,0.23544,0.005923040584067035,2620443753287.0547,157.0
2025-08-17 21:41:00,2025-08-18 00:14:00,0.23299,0.23539,0.005100871282029209,2269165491506.6475,153.0
2025-08-17 21:58:00,2025-08-17 23:27:00,0.23333,0.23534,0.0034144087772681776,1524626477177.0361,89.0
2025-08-17 22:04:00,2025-08-17 22:18:00,0.23354,0.23499,0.001008786503382748,447682560554.6846,14.0
2025-08-18 00:32:00,2025-08-18 00:48:00,0.2329,0.23428,0.0007252898239587481,320475711982.1719,16.0
2025-08-18 02:33:00,2025-08-18 02:39:00,0.22597,0.22819,0.0046243129618975965,2077578993032.5571,6.0
2025-08-18 03:33:00,2025-08-18 05:14:00,0.22258,0.22642,0.012052223919489666,5449496117958.24,101.0
2025-08-18 03:39:00,2025-08-18 05:01:00,0.22308,0.22628,0.009144629729245152,4182957436096.9834,82.0
2025-08-18 03:45:00,2025-08-18 04:52:00,0.22309,0.22612,0.008381962436684643,3868492208088.0034,67.0
2025-08-18 04:21:00,2025-08-18 04:56:00,0.22348,0.22599,0.0060314301056022205,2805123163728.891,35.0
2025-08-18 05:46:00,2025-08-18 05:56:00,0.22302,0.22479,0.0027365079365079086,1276873344114.1763,10.0
2025-08-18 05:50:00,2025-08-18 05:59:00,0.22313,0.22479,0.00223960919643255,1046697774004.9077,9.0
2025-08-18 06:46:00,2025-08-18 07:07:00,0.22114,0.22319,0.00407014560911638,1911656904860.296,21.0
2025-08-18 07:57:00,2025-08-18 08:31:00,0.22161,0.22292,0.0007112855918054491,330133835249.82666,34.0
2025-08-18 09:27:00,2025-08-18 22:23:00,0.22013,0.22682,0.025191132512606195,11921159231477.836,776.0
2025-08-18 09:33:00,2025-08-18 22:28:00,0.22033,0.22681,0.02421042980983077,11744517813891.844,775.0
2025-08-18 11:32:00,2025-08-18 13:05:00,0.22124,0.22454,0.009715928403543652,4822926687002.742,93.0
2025-08-18 12:01:00,2025-08-18 12:59:00,0.22148,0.22433,0.007667979050027052,3841737769502.1953,58.0
2025-08-18 12:05:00,2025-08-18 13:22:00,0.22226,0.22424,0.0037084855574551507,1868635104610.1094,77.0
2025-08-18 12:25:00,2025-08-18 12:54:00,0.22257,0.22419,0.002078608976951118,1048207304033.8965,29.0
2025-08-18 14:11:00,2025-08-18 22:34:00,0.22039,0.22673,0.023567185443985592,11980288234600.934,503.0
2025-08-18 14:19:00,2025-08-18 14:27:00,0.22119,0.22257,0.0010389800623897662,533823707895.52686,8.0
2025-08-18 14:46:00,2025-08-18 22:15:00,0.22054,0.22668,0.022640754511653118,11791492684623.953,449.0
2025-08-18 14:50:00,2025-08-18 16:05:00,0.22123,0.22434,0.008857767933824534,4712914022058.951,75.0
2025-08-18 15:19:00,2025-08-18 16:11:00,0.22142,0.22415,0.007129509529401059,3825407421332.86,52.0
2025-08-18 15:31:00,2025-08-18 15:50:00,0.2215,0.22398,0.005996388261851062,3239089333623.5596,19.0
2025-08-18 16:37:00,2025-08-18 22:10:00,0.22075,0.22649,0.02080226500566249,11322111675865.29,333.0
2025-08-18 16:42:00,2025-08-18 22:06:00,0.22109,0.22627,0.018229372653670407,10126547966913.71,324.0
2025-08-18 16:59:00,2025-08-18 22:49:00,0.22111,0.22564,0.015287540138392685,8645393290089.779,350.0
2025-08-18 17:05:00,2025-08-18 21:57:00,0.22129,0.22538,0.01328253423109951,7624935505455.785,292.0
2025-08-18 17:08:00,2025-08-18 17:34:00,0.22141,0.22519,0.011872399620613368,6904798324804.903,26.0
2025-08-18 17:17:00,2025-08-18 17:37:00,0.22267,0.22505,0.0054884627475636286,3225463360773.74,20.0
2025-08-18 17:21:00,2025-08-18 17:41:00,0.22294,0.22502,0.004129864537543727,2438307163696.508,20.0
2025-08-18 18:18:00,2025-08-18 21:27:00,0.22208,0.22507,0.008263616714697374,4907010549299.993,189.0
2025-08-18 18:25:00,2025-08-18 19:04:00,0.22264,0.22449,0.003109378368666864,1856500047840.9849,39.0
2025-08-18 20:40:00,2025-08-18 23:05:00,0.22238,0.225,0.006581635039122274,3950901316493.418,145.0
2025-08-18 20:45:00,2025-08-18 21:34:00,0.22271,0.2248,0.004184401239279819,2525327464375.691,49.0
2025-08-18 20:52:00,2025-08-18 23:09:00,0.22344,0.22479,0.0008418904403866365,503619550884.2285,137.0
2025-08-19 00:31:00,2025-08-19 01:05:00,0.2197,0.22558,0.02156376877560308,13113140116510.277,34.0
2025-08-19 00:43:00,2025-08-19 01:11:00,0.22194,0.2247,0.007235793457691325,4489136702499.433,28.0
2025-08-19 02:21:00,2025-08-19 02:51:00,0.22069,0.22232,0.0021859259594906554,1360010216290.749,30.0
2025-08-19 03:05:00,2025-08-19 03:19:00,0.2195,0.22076,0.0005403189066059732,330494333492.93945,14.0
2025-08-19 04:08:00,2025-08-19 13:30:00,0.21485,0.2223,0.029475354898766504,18494201983358.105,562.0
2025-08-19 04:25:00,2025-08-19 13:27:00,0.21486,0.22137,0.025098799218095578,16209610272218.707,542.0
2025-08-19 04:33:00,2025-08-19 14:04:00,0.2157,0.22071,0.018026703755215517,11930982876909.334,571.0
2025-08-19 04:49:00,2025-08-19 06:36:00,0.21656,0.21834,0.0030194311045437933,2026707340679.3047,107.0
2025-08-19 05:22:00,2025-08-19 05:42:00,0.21682,0.2183,0.0016259385665528146,1090406396631.9043,20.0
2025-08-19 06:04:00,2025-08-19 06:25:00,0.21673,0.21828,0.0019517556406588648,1312854625757.2666,21.0
2025-08-19 07:23:00,2025-08-19 08:01:00,0.21636,0.21786,0.0017328896283971221,1166855452459.8037,38.0
2025-08-19 07:36:00,2025-08-19 07:54:00,0.2164,0.21772,0.0008998151571163945,602506776063.9995,18.0
2025-08-19 08:32:00,2025-08-19 13:37:00,0.21626,0.2206,0.014868436141681228,10107732294400.305,305.0
2025-08-19 09:02:00,2025-08-19 11:26:00,0.21766,0.22053,0.007985702471744977,5504872743859.353,144.0
2025-08-19 09:16:00,2025-08-19 11:31:00,0.21818,0.22051,0.005479255660463832,3804147939062.1895,135.0
2025-08-19 09:19:00,2025-08-19 10:39:00,0.21821,0.22043,0.004973685898904725,3471089504743.125,80.0
2025-08-19 09:49:00,2025-08-19 12:13:00,0.2183,0.22043,0.004557214841960573,3195374336047.1196,144.0
2025-08-19 10:01:00,2025-08-19 11:56:00,0.21841,0.22037,0.0037739480793004786,2656518724593.6323,115.0
2025-08-19 10:04:00,2025-08-19 12:27:00,0.21847,0.22035,0.0034053004989243046,2405075507804.7256,143.0
2025-08-19 10:12:00,2025-08-19 13:20:00,0.2191,0.22035,0.0005051574623459662,349772797669.4678,188.0
2025-08-19 13:46:00,2025-08-19 14:01:00,0.21835,0.22043,0.0043259903824135505,3069782920285.9785,15.0
2025-08-19 13:50:00,2025-08-19 13:53:00,0.21881,0.22024,0.0013353503039165802,944959521360.2803,3.0
2025-08-19 14:31:00,2025-08-19 14:33:00,0.21463,0.21607,0.0015092205190328691,1070670089543.3135,2.0
2025-08-19 14:42:00,2025-08-19 15:27:00,0.214,0.21747,0.011014953271028041,7887085060978.778,45.0
2025-08-19 14:45:00,2025-08-19 15:34:00,0.2142,0.21679,0.0068915032679738985,4985021151594.844,49.0
2025-08-19 14:48:00,2025-08-19 15:43:00,0.21428,0.21645,0.0049269367183125135,3585565956777.253,55.0
2025-08-19 15:07:00,2025-08-19 15:40:00,0.21444,0.21624,0.0031939563514269548,2332288313923.6245,33.0
2025-08-19 16:50:00,2025-08-19 16:53:00,0.21218,0.21344,0.0007383542275425743,533203970883.43604,3.0
2025-08-19 17:05:00,2025-08-19 17:31:00,0.21187,0.21438,0.006646887242176734,4883389643770.797,26.0
2025-08-19 17:13:00,2025-08-19 18:25:00,0.21289,0.21432,0.0015170839400630125,1114205328358.7617,72.0
2025-08-19 19:06:00,2025-08-19 21:14:00,0.2105,0.21422,0.012472209026128271,9246458300185.643,128.0
2025-08-19 19:15:00,2025-08-19 21:04:00,0.21077,0.21393,0.009792646012240813,7347949741799.132,109.0
2025-08-19 20:12:00,2025-08-19 21:38:00,0.21113,0.2138,0.0074462369156442845,5639345090420.644,86.0
2025-08-19 20:23:00,2025-08-19 21:29:00,0.21207,0.21379,0.0029105295421323115,2214295028646.776,66.0
2025-08-19 20:29:00,2025-08-19 21:59:00,0.21226,0.21379,0.0020081409592009967,1528961699908.6816,90.0
2025-08-19 23:56:00,2025-08-20 01:06:00,0.20875,0.21211,0.010895808383233542,8358452010107.49,70.0
2025-08-20 00:25:00,2025-08-20 00:46:00,0.20988,0.21165,0.0032333905088621773,2499937195871.889,21.0
2025-08-20 00:32:00,2025-08-20 00:55:00,0.21009,0.21158,0.001892198581560243,1463296280220.7305,23.0
2025-08-20 01:38:00,2025-08-20 12:01:00,0.20823,0.21601,0.03216253181578067,25088118118565.836,623.0
2025-08-20 01:41:00,2025-08-20 10:21:00,0.20836,0.21571,0.030075484737953653,24211684134780.59,520.0
2025-08-20 02:04:00,2025-08-20 10:50:00,0.21034,0.21556,0.019616963012265867,16261855662508.223,526.0
2025-08-20 02:09:00,2025-08-20 11:04:00,0.21092,0.21555,0.016751450787028235,14156273654588.129,535.0
2025-08-20 03:15:00,2025-08-20 10:17:00,0.21097,0.21544,0.01598784661326256,13735994854181.172,422.0
2025-08-20 03:22:00,2025-08-20 03:33:00,0.21156,0.21311,0.00212652675363961,1845853049059.0498,11.0
2025-08-20 03:47:00,2025-08-20 10:56:00,0.21129,0.21529,0.013731326612712404,12008847924295.316,429.0
2025-08-20 03:59:00,2025-08-20 04:34:00,0.21181,0.2136,0.0032509702091497745,2872882968255.132,35.0
2025-08-20 05:20:00,2025-08-20 05:59:00,0.21198,0.21333,0.0011685253325784987,1028230254802.0791,39.0
2025-08-20 06:17:00,2025-08-20 09:47:00,0.21172,0.2152,0.011236803325146472,10003182889438.531,210.0
2025-08-20 06:32:00,2025-08-20 07:16:00,0.21244,0.21409,0.0025668988890981577,2301248022547.3594,44.0
2025-08-20 08:00:00,2025-08-20 08:59:00,0.2124,0.21511,0.007558945386063984,6817740607303.096,59.0
2025-08-20 08:07:00,2025-08-20 10:42:00,0.21259,0.21508,0.006512686391645855,5916573148919.266,155.0
2025-08-20 11:45:00,2025-08-20 12:07:00,0.21154,0.21506,0.011439878982698284,10469539388022.283,22.0
2025-08-20 11:54:00,2025-08-20 12:16:00,0.21323,0.21506,0.003382282042864504,3121823445203.1885,22.0
2025-08-20 12:23:00,2025-08-20 12:43:00,0.21341,0.21498,0.0021567311747341545,1992769829168.2334,20.0
2025-08-20 13:32:00,2025-08-20 13:37:00,0.21194,0.21391,0.004095083514202132,3803202795840.076,5.0
2025-08-20 13:51:00,2025-08-20 14:03:00,0.20951,0.2108,0.0009572239988544012,882898213591.502,12.0
2025-08-20 14:16:00,2025-08-24 19:16:00,0.20798,0.24479,0.1717881719396096,160863910787116.97,6060.0
2025-08-20 14:26:00,2025-08-21 05:52:00,0.21042,0.2241,0.05981283147989734,65595506256796.305,926.0
2025-08-20 14:36:00,2025-08-21 05:59:00,0.21245,0.2241,0.04963643210167096,57679302488450.766,923.0
2025-08-20 14:40:00,2025-08-21 05:46:00,0.21317,0.22406,0.04588598770934002,55958972587644.86,906.0
2025-08-20 14:46:00,2025-08-21 05:49:00,0.2134,0.22405,0.044706279287722556,57014323484305.64,903.0
2025-08-20 14:57:00,2025-08-21 02:00:00,0.2135,0.22404,0.044167681498829006,58838108861019.516,663.0
2025-08-20 15:11:00,2025-08-20 15:24:00,0.21581,0.21789,0.00443810759464343,6155645565509.945,13.0
2025-08-20 15:53:00,2025-08-21 03:10:00,0.2144,0.22394,0.039296268656716385,54893142322327.22,677.0
2025-08-20 15:56:00,2025-08-21 03:17:00,0.21486,0.2239,0.03687390859164104,53526288352243.67,681.0
2025-08-20 16:05:00,2025-08-20 17:45:00,0.21619,0.22021,0.013394754613996928,20145720375153.61,100.0
2025-08-20 16:12:00,2025-08-20 17:52:00,0.21656,0.21947,0.008237384558551884,12546418813081.693,100.0
2025-08-20 16:58:00,2025-08-20 17:59:00,0.21674,0.21925,0.00638069576451053,9793498806280.996,61.0
2025-08-20 18:32:00,2025-08-21 05:36:00,0.21576,0.22378,0.03197093066370041,49466803594832.54,664.0
2025-08-20 18:35:00,2025-08-21 04:48:00,0.2161,0.2237,0.029968903285516078,47845809182750.12,613.0
2025-08-20 18:45:00,2025-08-21 05:32:00,0.21711,0.22369,0.02510721753949612,41278046701330.734,647.0
2025-08-20 18:59:00,2025-08-21 05:39:00,0.21716,0.22362,0.024547651501197372,41367669987002.82,640.0
2025-08-20 19:09:00,2025-08-21 01:55:00,0.21803,0.22359,0.020301077833325732,35044461216931.934,406.0
2025-08-20 19:13:00,2025-08-21 01:52:00,0.21859,0.22351,0.017307891486344207,30478556323352.188,399.0
2025-08-20 19:16:00,2025-08-21 03:22:00,0.21868,0.22328,0.015835302725443538,28364319735380.324,486.0
2025-08-20 19:20:00,2025-08-21 04:36:00,0.21913,0.22319,0.0133278145393146,24245707018636.605,556.0
2025-08-20 19:26:00,2025-08-21 01:40:00,0.21966,0.22301,0.010050842210689337,18520960286316.406,374.0
2025-08-20 19:41:00,2025-08-20 22:58:00,0.21985,0.22286,0.008491153058903857,15799602271676.879,197.0
2025-08-20 20:21:00,2025-08-20 21:14:00,0.2207,0.22207,0.001007521522428556,1868107047864.6855,53.0
2025-08-20 21:34:00,2025-08-20 22:54:00,0.22064,0.22269,0.004091153009427105,7671226911328.594,80.0
2025-08-20 21:38:00,2025-08-20 21:53:00,0.22064,0.22263,0.0038192168237853145,7188748737532.715,15.0
2025-08-21 00:19:00,2025-08-21 01:34:00,0.22028,0.22222,0.003606972943526408,6813593202814.814,75.0
2025-08-21 00:22:00,2025-08-21 01:07:00,0.22028,0.22195,0.002381260214272766,4505571078743.545,45.0
2025-08-21 00:25:00,2025-08-21 01:02:00,0.22031,0.22193,0.0021532749307792776,4081347189452.3203,37.0
2025-08-21 02:40:00,2025-08-21 05:18:00,0.21958,0.22316,0.011103852809909828,21199016933791.36,158.0
2025-08-21 02:46:00,2025-08-21 05:24:00,0.21995,0.22314,0.009303296203682648,17953688432893.945,158.0
2025-08-21 02:57:00,2025-08-21 03:25:00,0.22083,0.22313,0.005215251550966792,10146132715139.732,28.0
2025-08-21 04:23:00,2025-08-21 04:54:00,0.22107,0.22312,0.00407308092459413,7959361104641.32,31.0
2025-08-21 07:21:00,2025-08-21 08:08:00,0.22021,0.2218,0.0020203805458426424,3950639290982.8613,47.0
2025-08-21 12:18:00,2025-08-21 12:34:00,0.21656,0.21821,0.0024191355744365758,4745107907444.582,16.0
2025-08-21 12:51:00,2025-08-21 14:17:00,0.21572,0.2205,0.016958353421101458,33504519609122.27,86.0
2025-08-21 13:01:00,2025-08-21 14:29:00,0.21603,0.22027,0.014426903670786435,28980804974382.285,88.0
2025-08-21 13:16:00,2025-08-21 14:32:00,0.21649,0.21987,0.01041273038015623,21210131573273.125,76.0
2025-08-21 13:30:00,2025-08-21 14:13:00,0.21651,0.2197,0.009533730543623843,19618724875198.65,43.0
2025-08-21 13:34:00,2025-08-21 13:37:00,0.21726,0.21866,0.0012438921108348733,2559494634987.0137,3.0
2025-08-21 13:46:00,2025-08-21 14:36:00,0.21689,0.21923,0.005588879155332236,11612691852620.508,50.0
2025-08-21 14:41:00,2025-08-21 14:54:00,0.2162,0.21762,0.00136799259944498,2836808818915.9824,13.0
2025-08-21 15:14:00,2025-08-21 16:16:00,0.21481,0.21718,0.005833005912201532,12205046419443.508,62.0
2025-08-21 15:32:00,2025-08-21 15:42:00,0.21545,0.217,0.0019942446043165274,4178181578057.869,10.0
2025-08-21 16:06:00,2025-08-21 16:30:00,0.21511,0.21661,0.0017731765143415065,3719180566473.207,24.0
2025-08-21 17:10:00,2025-08-21 19:02:00,0.21458,0.21818,0.01157695964209162,24483602147816.11,112.0
2025-08-21 17:29:00,2025-08-21 19:06:00,0.21528,0.21812,0.007992121887774104,17088135456448.994,97.0
2025-08-21 18:11:00,2025-08-21 18:56:00,0.21575,0.21787,0.004626187717265404,9957745278930.637,45.0
2025-08-21 18:47:00,2025-08-21 19:17:00,0.21593,0.21745,0.0018393182975964132,3959588236869.7695,30.0
2025-08-21 20:36:00,2025-08-22 02:24:00,0.214,0.21919,0.019052336448598134,41365177465301.19,348.0
2025-08-21 20:51:00,2025-08-21 20:55:00,0.21536,0.21674,0.001207875185735477,2644149754112.6387,4.0
2025-08-21 21:04:00,2025-08-21 22:22:00,0.2146,0.21749,0.00826691519105301,18294189794988.04,78.0
2025-08-21 21:18:00,2025-08-21 22:25:00,0.21548,0.21744,0.0038959717839242135,8676507721180.457,67.0
2025-08-21 23:44:00,2025-08-22 02:28:00,0.21404,0.21916,0.0187207624743038,41969159005227.336,164.0
2025-08-21 23:50:00,2025-08-22 08:16:00,0.21437,0.219,0.016398171385921517,37444343735291.42,506.0
2025-08-21 23:58:00,2025-08-22 08:20:00,0.21465,0.21896,0.014879198695550804,34528168646819.574,502.0
2025-08-22 00:06:00,2025-08-22 00:35:00,0.21549,0.21735,0.003431491020464991,8056487551287.758,29.0
2025-08-22 00:15:00,2025-08-22 00:41:00,0.2157,0.21715,0.0015222994900324846,3568416037903.289,26.0
2025-08-22 01:09:00,2025-08-22 02:51:00,0.21468,0.21886,0.01427084032047694,33771452008989.566,102.0
2025-08-22 01:17:00,2025-08-22 02:36:00,0.21557,0.21867,0.00918047965857954,22022611297752.727,79.0
2025-08-22 01:33:00,2025-08-22 02:39:00,0.21596,0.21854,0.006746656788294123,16323492284973.553,66.0
2025-08-22 02:00:00,2025-08-22 03:09:00,0.21635,0.21853,0.004876265310838989,11868151638306.062,69.0
2025-08-22 02:05:00,2025-08-22 03:12:00,0.21689,0.21853,0.0023614366729678756,5758138902978.484,67.0
2025-08-22 03:52:00,2025-08-22 08:08:00,0.21526,0.21872,0.010873585431571079,26696408593556.51,256.0
2025-08-22 03:58:00,2025-08-22 06:23:00,0.21564,0.21863,0.008665702096086036,21499313064602.723,145.0
2025-08-22 04:55:00,2025-08-22 06:15:00,0.21642,0.21852,0.004503354588300484,11252768001895.32,80.0
2025-08-22 05:00:00,2025-08-22 05:35:00,0.21681,0.21851,0.0026409667450763667,6614560808339.959,35.0
2025-08-22 06:43:00,2025-08-22 08:29:00,0.21539,0.2185,0.009238924741167193,23285914644470.65,106.0
2025-08-22 06:46:00,2025-08-22 07:29:00,0.21568,0.21834,0.007133086053412443,18135884551544.098,43.0
2025-08-22 06:51:00,2025-08-22 07:54:00,0.21599,0.21834,0.0056801333395065465,14537217328617.48,63.0
2025-08-22 07:15:00,2025-08-22 08:34:00,0.21682,0.21828,0.0015336961534913249,3921858371773.4277,79.0
2025-08-22 12:37:00,2025-08-24 19:19:00,0.20846,0.24478,0.16903006811858384,436712044679171.06,3282.0
2025-08-22 13:16:00,2025-08-24 19:23:00,0.20937,0.24468,0.16344880355351774,493479504934698.6,3247.0
2025-08-22 13:30:00,2025-08-24 19:12:00,0.20937,0.24424,0.16134726083010942,566541945247409.8,3222.0
2025-08-22 13:33:00,2025-08-24 19:29:00,0.20985,0.24401,0.1575829401953776,642360663196068.5,3236.0
2025-08-22 13:38:00,2025-08-24 18:53:00,0.20988,0.24247,0.1500792071659995,707915952739495.5,3195.0
2025-08-22 13:57:00,2025-08-24 18:58:00,0.21159,0.24204,0.13871039274067773,752215412969835.2,3181.0
2025-08-22 14:10:00,2025-08-22 21:47:00,0.22301,0.24198,0.07986345006950354,492970095051459.0,457.0
2025-08-22 14:18:00,2025-08-24 18:48:00,0.22338,0.2418,0.07726038141283907,514880870290325.9,3150.0
2025-08-22 14:22:00,2025-08-22 21:42:00,0.22441,0.24166,0.07166823225346472,514404667363101.75,440.0
2025-08-22 14:28:00,2025-08-22 23:43:00,0.22663,0.24166,0.06111955169218557,470027800020044.56,555.0
2025-08-22 14:44:00,2025-08-22 23:39:00,0.2278,0.24144,0.05467708516242312,446098873282187.5,535.0
2025-08-22 14:59:00,2025-08-22 21:56:00,0.2286,0.24136,0.05061802274715657,435489523886294.75,417.0
2025-08-22 15:08:00,2025-08-22 15:22:00,0.23054,0.23339,0.007162279864665531,64625255318094.31,14.0
2025-08-22 15:14:00,2025-08-22 15:40:00,0.23056,0.2329,0.004949201943095111,44936926081522.44,26.0
2025-08-22 15:59:00,2025-08-22 21:52:00,0.23013,0.24134,0.04351159779255202,397980429098701.1,353.0
2025-08-22 16:16:00,2025-08-22 16:33:00,0.23432,0.23705,0.006450734038921177,61451450903573.78,17.0
2025-08-22 16:54:00,2025-08-22 22:19:00,0.23427,0.24134,0.02497885345968324,239857209562626.38,325.0
2025-08-22 17:06:00,2025-08-22 17:28:00,0.23633,0.23926,0.0071979181652773155,70743401737216.38,22.0
2025-08-22 17:12:00,2025-08-22 17:35:00,0.23737,0.23892,0.0013298900450772885,13054641796401.367,23.0
2025-08-22 17:42:00,2025-08-22 18:01:00,0.23707,0.23849,0.0007897920445438253,7708371580209.539,19.0
2025-08-22 18:23:00,2025-08-22 22:16:00,0.23623,0.24125,0.01605047623079201,159376949923213.75,233.0
2025-08-22 18:29:00,2025-08-22 22:23:00,0.2366,0.24099,0.013354522400676267,134704934063893.89,234.0
2025-08-22 18:36:00,2025-08-22 21:29:00,0.23717,0.24089,0.010484951722393224,107137504592145.47,173.0
2025-08-22 18:55:00,2025-08-22 22:30:00,0.23743,0.24084,0.009162127785031362,94580712647252.69,215.0
2025-08-22 19:08:00,2025-08-22 23:56:00,0.23831,0.24068,0.004745029583315895,49361756867950.26,288.0
2025-08-22 19:12:00,2025-08-23 00:00:00,0.23849,0.24065,0.0038569835213216296,40286319278951.22,288.0
2025-08-22 19:15:00,2025-08-22 21:35:00,0.2385,0.24064,0.00377274633123691,39554406139889.53,140.0
2025-08-22 19:25:00,2025-08-22 21:06:00,0.23862,0.24061,0.003139619478668979,33015940256674.094,101.0
2025-08-22 19:59:00,2025-08-23 00:04:00,0.23876,0.24028,0.0011662254984084169,12211889175062.68,245.0
2025-08-23 01:44:00,2025-08-23 01:57:00,0.23321,0.23564,0.005219793319325877,55220559451644.516,13.0
2025-08-23 01:50:00,2025-08-23 02:01:00,0.23395,0.23539,0.0009551613592647867,10039113759249.367,11.0
2025-08-23 02:37:00,2025-08-23 08:22:00,0.22921,0.23967,0.040435007198638795,431365784338496.75,345.0
2025-08-23 02:45:00,2025-08-23 08:16:00,0.23008,0.23935,0.035090333796940196,389420591686249.2,331.0
2025-08-23 03:09:00,2025-08-23 07:12:00,0.23056,0.23934,0.03288119361554481,377660887907398.7,243.0
2025-08-23 03:44:00,2025-08-23 08:40:00,0.2306,0.2393,0.032527666955767615,385846122590131.94,296.0
2025-08-23 03:48:00,2025-08-23 08:37:00,0.23086,0.23929,0.031315637182708106,383509306771925.1,289.0
2025-08-23 03:58:00,2025-08-23 08:34:00,0.23146,0.23918,0.02815349520435498,355530997097446.4,276.0
2025-08-23 04:19:00,2025-08-23 07:15:00,0.23147,0.23914,0.02793604354775989,362685127001085.4,176.0
2025-08-23 04:22:00,2025-08-23 08:45:00,0.23158,0.23899,0.026797581829173505,357586561985195.1,263.0
2025-08-23 04:30:00,2025-08-23 08:05:00,0.23273,0.2388,0.020881725604778155,286048282185265.6,215.0
2025-08-23 04:41:00,2025-08-23 12:18:00,0.23396,0.2388,0.01548729697384173,216519439897338.56,457.0
2025-08-23 04:46:00,2025-08-23 09:00:00,0.23428,0.23871,0.013708997780433742,194593850856456.72,254.0
2025-08-23 04:49:00,2025-08-23 08:26:00,0.23437,0.23867,0.013147058070572166,189158496116497.62,217.0
2025-08-23 04:55:00,2025-08-23 06:58:00,0.23482,0.23865,0.0111103653862533,161918128502253.5,123.0
2025-08-23 04:58:00,2025-08-23 06:06:00,0.23501,0.23861,0.010118497085230382,149077288708993.97,68.0
2025-08-23 05:08:00,2025-08-23 07:01:00,0.23501,0.23858,0.009990842942853453,148677538539667.44,113.0
2025-08-23 05:11:00,2025-08-23 06:37:00,0.23501,0.23856,0.009905740181268873,148876293097089.22,86.0
2025-08-23 05:19:00,2025-08-23 09:51:00,0.23635,0.23856,0.004150539454199237,62875453970196.17,272.0
2025-08-23 06:13:00,2025-08-23 06:30:00,0.23673,0.23828,0.0013475436150889022,20358117906867.484,17.0
2025-08-23 07:33:00,2025-08-23 08:54:00,0.23653,0.23845,0.0029173635479643398,44374245099248.484,81.0
2025-08-23 07:46:00,2025-08-23 09:42:00,0.23686,0.23844,0.0014706071096851556,22330274277015.594,116.0
2025-08-23 07:56:00,2025-08-23 08:51:00,0.23697,0.23838,0.0007501202683884989,11304746420206.453,55.0
2025-08-23 10:44:00,2025-08-23 11:15:00,0.2358,0.23721,0.0007796437659032852,11766508831789.094,31.0
2025-08-23 12:04:00,2025-08-23 12:38:00,0.23512,0.23847,0.009048043552228616,138868564416854.62,34.0
2025-08-23 13:41:00,2025-08-23 17:12:00,0.23461,0.23747,0.006990443715101545,108207675229496.5,211.0
2025-08-23 14:06:00,2025-08-23 19:51:00,0.23462,0.23741,0.006691569346176859,104293032922878.47,345.0
2025-08-23 14:15:00,2025-08-23 14:31:00,0.23505,0.23687,0.002543033397149493,39766923272239.09,16.0
2025-08-23 14:40:00,2025-08-23 17:15:00,0.23478,0.23739,0.005916790186557634,93041226959485.56,155.0
2025-08-23 15:10:00,2025-08-23 19:41:00,0.23501,0.23728,0.004459163439853598,70480037015594.9,271.0
2025-08-23 15:13:00,2025-08-23 17:37:00,0.2351,0.23727,0.004030114844746939,63960313147092.44,144.0
2025-08-23 15:16:00,2025-08-23 18:45:00,0.23521,0.23727,0.0035581310318439103,56670493008366.47,209.0
2025-08-23 15:26:00,2025-08-23 18:33:00,0.23521,0.23724,0.003430585434292777,54824441949692.16,187.0
2025-08-23 16:13:00,2025-08-23 18:49:00,0.23556,0.23718,0.0016772287315334113,26783733927521.688,156.0
2025-08-23 16:44:00,2025-08-23 19:10:00,0.23559,0.23715,0.0014216732458933144,22707123678793.78,146.0
2025-08-23 16:48:00,2025-08-23 19:34:00,0.23573,0.23714,0.0007814194205234574,12399866273331.828,166.0
2025-08-23 21:24:00,2025-08-24 00:43:00,0.23422,0.23826,0.012048740500384202,194499217810798.38,199.0
2025-08-23 21:41:00,2025-08-24 00:54:00,0.2347,0.23819,0.009670046868342655,157930725724449.8,193.0
2025-08-23 21:52:00,2025-08-24 01:49:00,0.23478,0.23789,0.008046443479001627,132642234585234.56,237.0
2025-08-23 21:59:00,2025-08-24 02:31:00,0.23481,0.23787,0.007831812955155263,130132505193497.5,272.0
2025-08-23 22:25:00,2025-08-24 00:34:00,0.23494,0.2378,0.006973320847876059,116746503924230.44,129.0
2025-08-23 22:31:00,2025-08-24 00:59:00,0.23511,0.2378,0.006241452936923133,105194989367357.97,148.0
2025-08-23 22:42:00,2025-08-24 01:54:00,0.23521,0.2378,0.005811436588580455,98539935262440.5,192.0
2025-08-23 22:45:00,2025-08-24 01:43:00,0.23522,0.23768,0.005258294362724215,89654284196064.64,178.0
2025-08-23 23:48:00,2025-08-24 01:15:00,0.23577,0.23762,0.0026466301904397947,45245594121461.984,87.0
2025-08-24 01:25:00,2025-08-24 02:36:00,0.23596,0.23751,0.0013689099847431592,23350980191636.906,71.0
2025-08-24 03:01:00,2025-08-24 04:03:00,0.23511,0.23698,0.0027537237888647127,47273320565491.59,62.0
2025-08-24 03:29:00,2025-08-24 04:20:00,0.23512,0.23698,0.0027108540319836713,46660911314336.94,51.0
2025-08-24 03:32:00,2025-08-24 04:13:00,0.23524,0.23694,0.0020266621322904566,34918678680805.11,41.0
2025-08-24 03:44:00,2025-08-24 03:57:00,0.23555,0.23692,0.0006161749097855331,10473827116651.547,13.0
2025-08-24 06:57:00,2025-08-24 07:30:00,0.23205,0.2338,0.0023414781297134302,40484767172596.14,33.0
2025-08-24 08:02:00,2025-08-24 08:15:00,0.23137,0.23317,0.0025797467260232363,44732103574725.91,13.0
2025-08-24 11:20:00,2025-08-24 18:39:00,0.22843,0.2404,0.04720117322593359,824647757850394.5,439.0
2025-08-24 11:46:00,2025-08-24 18:23:00,0.22893,0.23828,0.03564217883195736,651948193715223.2,397.0
2025-08-24 12:09:00,2025-08-24 18:13:00,0.22921,0.23692,0.028437275860564524,538592329782175.56,364.0
2025-08-24 12:47:00,2025-08-24 13:36:00,0.22948,0.23141,0.0032103189820464322,62291767609964.0,49.0
2025-08-24 12:53:00,2025-08-24 13:26:00,0.22948,0.2312,0.0022952065539480542,44601751484004.84,33.0
2025-08-24 14:06:00,2025-08-24 17:47:00,0.22941,0.23667,0.026446397279979026,517885448800703.06,221.0
2025-08-24 14:13:00,2025-08-24 19:44:00,0.22959,0.23611,0.023198449409817495,466225932045842.1,331.0
2025-08-24 14:37:00,2025-08-24 17:55:00,0.23019,0.23583,0.019301498761892376,396831159831937.8,198.0
2025-08-24 14:44:00,2025-08-24 15:21:00,0.23056,0.23401,0.0097635669673838,204456300478882.7,37.0
2025-08-24 14:47:00,2025-08-24 15:11:00,0.23062,0.23368,0.008068580348625476,170555301044515.53,24.0
2025-08-24 14:50:00,2025-08-24 15:25:00,0.2309,0.23367,0.0067965352966652005,144775168787365.2,35.0
2025-08-24 15:00:00,2025-08-24 15:06:00,0.23181,0.23328,0.0011414002847159278,24235458026787.92,6.0
2025-08-24 16:33:00,2025-08-24 17:59:00,0.23043,0.23552,0.01688913769908437,363035284581508.4,86.0
2025-08-24 16:46:00,2025-08-24 19:39:00,0.23128,0.23477,0.009889934278796234,216041356116558.3,173.0
2025-08-24 16:59:00,2025-08-24 17:14:00,0.23213,0.23406,0.003114306638521464,68495693100770.31,15.0
2025-08-24 19:37:00,2025-08-24 19:48:00,0.23203,0.23472,0.00639332844890758,141365235950842.88,11.0
2025-08-24 19:55:00,2025-08-24 19:59:00,0.23216,0.23418,0.0035008959338387064,77765416182196.56,4.0
2025-08-24 20:08:00,2025-08-24 21:37:00,0.22937,0.23485,0.018691528970658816,417955320000383.5,89.0
2025-08-24 20:13:00,2025-08-24 21:49:00,0.22985,0.23484,0.01650981074613876,376011981172238.75,96.0
2025-08-24 20:20:00,2025-08-24 20:44:00,0.23094,0.23436,0.009609041309431049,222316013399799.03,24.0
2025-08-24 21:05:00,2025-08-24 22:00:00,0.23104,0.23345,0.005231094182825465,122041105767814.38,55.0
2025-08-24 22:29:00,2025-08-24 23:46:00,0.22795,0.23315,0.01761202017986393,413779927146405.5,77.0
2025-08-24 22:46:00,2025-08-24 23:20:00,0.22955,0.23311,0.010308603790023994,246308809592021.9,34.0
2025-08-24 23:08:00,2025-08-25 00:07:00,0.23126,0.23309,0.002713171322321189,65251465569683.5,59.0
2025-08-25 00:42:00,2025-08-25 03:10:00,0.2256,0.23443,0.03394007092198584,822233812096485.4,148.0
2025-08-25 00:46:00,2025-08-25 02:55:00,0.22624,0.234,0.029099858557284374,728781302013087.6,129.0
2025-08-25 00:49:00,2025-08-25 03:06:00,0.22664,0.23388,0.02674493469819977,689207421897977.5,137.0
2025-08-25 00:53:00,2025-08-25 02:51:00,0.22698,0.23371,0.02445018944400394,646840789673084.6,118.0
2025-08-25 01:00:00,2025-08-25 02:38:00,0.22732,0.23369,0.022822171388351287,618462130450819.0,98.0
2025-08-25 01:18:00,2025-08-25 03:00:00,0.22771,0.23368,0.021017557419524848,582485913581325.4,102.0
2025-08-25 01:44:00,2025-08-25 02:47:00,0.22902,0.23363,0.014929246354030229,422309613885664.9,63.0
2025-08-25 01:56:00,2025-08-25 03:17:00,0.22948,0.23353,0.012448596827610243,357312493056873.0,81.0
2025-08-25 02:09:00,2025-08-25 02:21:00,0.23075,0.23343,0.0064143011917659285,186202217343256.5,12.0
2025-08-25 08:05:00,2025-08-25 08:18:00,0.21961,0.22142,0.0030418833386458097,1.5102272209826655,13.0
2025-08-25 08:06:00,2025-08-25 08:17:00,0.2193,0.22156,0.005105517555859609,149074447144854.06,11.0
2025-08-25 08:34:00,2025-08-25 08:56:00,0.22,0.22134,0.0008909090909091271,25816234127770.25,22.0
2025-08-25 09:09:00,2025-08-25 09:59:00,0.21968,0.22111,0.0013094683175528714,38165754340238.09,50.0
2025-08-25 10:37:00,2025-08-25 14:18:00,0.21727,0.22104,0.01215168223868917,357940333478240.4,221.0
2025-08-25 10:46:00,2025-08-25 12:59:00,0.21783,0.2209,0.008893559197539445,265032030392362.94,133.0
2025-08-25 11:08:00,2025-08-25 13:26:00,0.21785,0.22081,0.008387330732155238,252136716464076.3,138.0
2025-08-25 11:17:00,2025-08-25 13:04:00,0.21808,0.22063,0.006492956713132781,196726033575032.44,107.0
2025-08-25 11:22:00,2025-08-25 13:07:00,0.21818,0.22056,0.00570842423686861,174023662804845.38,105.0
2025-08-25 11:43:00,2025-08-25 12:29:00,0.21866,0.22026,0.0021172962590323705,64651213649236.5,46.0
2025-08-25 12:10:00,2025-08-25 12:44:00,0.21866,0.22018,0.0017514314460806441,53519686024721.91,34.0
2025-08-25 12:17:00,2025-08-25 13:12:00,0.21885,0.22018,0.0008772218414439025,26643604625001.22,55.0
2025-08-25 13:33:00,2025-08-25 13:38:00,0.2181,0.21935,0.0005313159101329725,15986370013863.375,5.0
2025-08-25 13:46:00,2025-08-25 14:09:00,0.2176,0.22089,0.009919485294117718,306013285090649.06,23.0
2025-08-25 14:00:00,2025-08-25 14:15:00,0.21857,0.22067,0.004407905934025798,137091201720876.88,15.0
2025-08-25 14:06:00,2025-08-25 14:23:00,0.21938,0.22064,0.0005434588385450417,16603936259565.344,17.0
2025-08-25 14:44:00,2025-08-25 15:01:00,0.21918,0.2205,0.0008224473035860378,25359123535233.97,17.0
2025-08-25 15:54:00,2025-08-25 16:23:00,0.21863,0.22028,0.002346997209898059,1.163687508576162,29.0
2025-08-25 16:04:00,2025-08-25 16:22:00,0.21725,0.22039,0.009253394706559281,289906755333351.0,18.0
2025-08-25 17:05:00,2025-08-25 17:53:00,0.21685,0.21899,0.004668572746137897,147400608298910.4,48.0
2025-08-25 17:17:00,2025-08-25 17:57:00,0.21736,0.21898,0.0022530732425469742,71243334862137.03,40.0
2025-08-25 19:18:00,2025-08-25 19:26:00,0.21545,0.21684,0.001251612903225817,39472947251291.31,8.0
2025-08-25 20:11:00,2025-08-25 20:16:00,0.21153,0.21313,0.0023639389211931663,75029732505612.12,5.0
2025-08-25 20:33:00,2025-08-25 20:36:00,0.20784,0.2091,0.0008623556581986679,27159209919198.47,3.0
2025-08-25 20:39:00,2025-08-25 20:45:00,0.20737,0.20946,0.004878603462410227,155799555122878.0,6.0
2025-08-25 21:13:00,2025-08-25 21:22:00,0.20668,0.20799,0.0011383007547900404,36193918698195.78,9.0
2025-08-25 21:31:00,2025-08-28 08:08:00,0.20589,0.22591,0.09203638836271802,2964584717083440.5,3517.0
2025-08-25 21:43:00,2025-08-25 21:48:00,0.20737,0.2088,0.0016958865795438814,59172014621969.78,5.0
2025-08-25 22:17:00,2025-08-28 08:18:00,0.20728,0.22579,0.08409949826321883,2962486210672534.0,3481.0
2025-08-25 22:20:00,2025-08-28 08:05:00,0.20732,0.22576,0.08374462666409407,3197390708891288.5,3465.0
2025-08-25 22:24:00,2025-08-26 00:18:00,0.20822,0.21035,0.005029564883296613,207539945106160.12,114.0
2025-08-25 23:26:00,2025-08-25 23:49:00,0.20852,0.21024,0.0030486092461154777,126205157244193.56,23.0
2025-08-25 23:30:00,2025-08-25 23:45:00,0.20868,0.21009,0.0015567567567567313,64364442830688.5,15.0
2025-08-26 00:11:00,2025-08-26 00:33:00,0.2085,0.21017,0.002809592326139112,116797688550048.19,22.0
2025-08-26 00:45:00,2025-08-28 08:11:00,0.20751,0.22567,0.08231385475398781,3447483509452355.5,3326.0
2025-08-26 00:53:00,2025-08-28 05:04:00,0.20756,0.22548,0.08113648101753719,3677107218382091.0,3131.0
2025-08-26 01:01:00,2025-08-28 05:09:00,0.20783,0.22532,0.0789553192513112,3867763007899886.5,3128.0
2025-08-26 01:22:00,2025-08-26 02:14:00,0.20948,0.21199,0.006782050792438477,357734278061849.94,52.0
2025-08-26 01:35:00,2025-08-26 02:19:00,0.20972,0.21162,0.0038596986458135276,204651959231755.06,44.0
2025-08-26 03:15:00,2025-08-29 00:29:00,0.20875,0.22501,0.07269221556886227,3882041519185061.0,4154.0
2025-08-26 03:29:00,2025-08-26 05:13:00,0.20959,0.21221,0.007300596402500173,417443413758966.7,104.0
2025-08-26 03:58:00,2025-08-26 05:18:00,0.20964,0.21219,0.006963709215798497,401038340679404.94,80.0
2025-08-26 04:06:00,2025-08-26 05:46:00,0.21034,0.21213,0.003310031377769392,191532105772661.0,100.0
2025-08-26 04:25:00,2025-08-26 05:25:00,0.21076,0.21209,0.001110495350161311,63944050059661.75,60.0
2025-08-26 07:24:00,2025-08-28 08:01:00,0.20923,0.22499,0.07012380633752328,4091416041473487.0,2917.0
2025-08-26 07:30:00,2025-08-26 07:36:00,0.20997,0.21251,0.00689696623327149,429784115914979.56,6.0
2025-08-26 09:46:00,2025-08-26 10:41:00,0.21017,0.21198,0.003412075938525985,213652532419613.62,55.0
2025-08-26 09:55:00,2025-08-26 10:45:00,0.21029,0.21196,0.002741414237481596,172071789512314.8,50.0
2025-08-26 12:11:00,2025-08-28 05:17:00,0.20941,0.22496,0.06905624373239092,4367022821930488.0,2466.0
2025-08-26 12:24:00,2025-08-28 13:33:00,0.2098,0.22496,0.06705929456625362,4532742701294901.0,2949.0
2025-08-26 12:27:00,2025-08-28 08:35:00,0.20999,0.22493,0.06594624505928845,4755571965164671.0,2648.0
2025-08-26 12:54:00,2025-08-26 12:57:00,0.21147,0.21349,0.0043521823426491794,333514116366930.1,3.0
2025-08-26 13:25:00,2025-08-26 13:31:00,0.21136,0.21352,0.005019530658591955,386478996400048.56,6.0
2025-08-26 13:30:00,2025-08-26 13:40:00,0.2114,0.2128,0.001422516556291318,109319911686475.38,10.0
2025-08-26 13:49:00,2025-08-28 13:22:00,0.21017,0.22491,0.06493370128943238,5044168395100114.0,2853.0
2025-08-26 13:56:00,2025-08-26 14:00:00,0.21095,0.21246,0.001958094335150563,160869965138995.7,4.0
2025-08-26 14:06:00,2025-08-28 15:02:00,0.21093,0.22479,0.06050900298677278,5014440424765434.0,2936.0
2025-08-26 14:13:00,2025-08-28 08:40:00,0.21132,0.22474,0.05830558394851404,5123341933020882.0,2547.0
2025-08-26 14:19:00,2025-08-28 23:17:00,0.21182,0.22474,0.05579518459069015,5187745852993369.0,3418.0
2025-08-26 14:46:00,2025-08-26 15:04:00,0.21259,0.21528,0.007453464415071255,730414805823044.9,18.0
2025-08-26 14:50:00,2025-08-26 14:55:00,0.2128,0.21454,0.0029766917293234003,293065302211021.0,5.0
2025-08-26 15:40:00,2025-08-28 13:30:00,0.21204,0.22472,0.05460003772873041,5414763480712746.0,2750.0
2025-08-26 15:43:00,2025-08-28 23:40:00,0.21213,0.22469,0.05400897562815249,5647744716758657.0,3357.0
2025-08-26 15:49:00,2025-08-28 14:56:00,0.21234,0.22468,0.05291434491852684,5831243270693281.0,2827.0
2025-08-26 15:57:00,2025-08-28 15:16:00,0.21253,0.22468,0.05196839975532863,6029145565991483.0,2839.0
2025-08-26 16:14:00,2025-08-28 13:39:00,0.21261,0.22462,0.051288406001599146,6258574859458818.0,2725.0
2025-08-26 16:20:00,2025-08-28 22:31:00,0.213,0.22462,0.049353990610328594,6330459304008710.0,3251.0
2025-08-26 16:23:00,2025-08-28 13:42:00,0.21333,0.22461,0.04767582618478419,6416087622014987.0,2719.0
2025-08-26 16:34:00,2025-08-28 14:16:00,0.21372,0.22461,0.04575451993262218,6450164724930147.0,2742.0
2025-08-26 16:47:00,2025-08-26 17:23:00,0.21427,0.2156,0.0010071218556028643,146499857805638.38,36.0
2025-08-26 17:38:00,2025-08-28 23:28:00,0.21373,0.22461,0.04570534786880644,6743860478781474.0,3230.0
2025-08-26 17:41:00,2025-08-28 12:55:00,0.2138,0.2246,0.04531449953227318,6990882326064435.0,2594.0
2025-08-26 17:48:00,2025-08-28 12:43:00,0.2142,0.22457,0.04321269841269837,6967745419590678.0,2575.0
2025-08-26 17:55:00,2025-08-28 22:34:00,0.21477,0.22455,0.04033708618522146,6784161155863028.0,3159.0
2025-08-26 18:05:00,2025-08-28 23:46:00,0.21566,0.22455,0.03602229435222114,6301880571620247.0,3221.0
2025-08-26 18:20:00,2025-08-28 12:51:00,0.21581,0.22452,0.035159575552569364,6371806525656934.0,2551.0
2025-08-26 19:07:00,2025-08-28 13:04:00,0.21596,0.22452,0.03443696980922385,6459570592314707.0,2517.0
2025-08-26 19:25:00,2025-08-26 23:09:00,0.21752,0.21997,0.006063332107392461,1174220945064149.0,224.0
2025-08-26 19:37:00,2025-08-26 19:57:00,0.21804,0.21982,0.0029636396991376632,576046568934230.0,20.0
2025-08-26 19:40:00,2025-08-26 20:14:00,0.21805,0.21944,0.0011746847053428228,227394411743203.12,34.0
2025-08-26 21:23:00,2025-08-26 23:13:00,0.21754,0.21994,0.005832453801599639,1140886914645973.0,110.0
2025-08-26 21:29:00,2025-08-26 22:17:00,0.21789,0.21964,0.002831575565652401,555724050487763.5,48.0
2025-08-26 21:40:00,2025-08-26 23:19:00,0.21804,0.21943,0.0011749770684276947,229680439755070.25,99.0
2025-08-27 01:07:00,2025-08-28 23:01:00,0.21614,0.22452,0.0335711668363098,6643973135916706.0,2754.0
2025-08-27 01:18:00,2025-08-28 04:54:00,0.2164,0.22449,0.032184473197781824,6582612711483316.0,1656.0
2025-08-27 01:27:00,2025-08-27 21:07:00,0.21687,0.22339,0.02486409369668464,5247918444143715.0,1180.0
2025-08-27 01:42:00,2025-08-27 18:08:00,0.21705,0.22328,0.023503063810182048,5083447673720816.0,986.0
2025-08-27 01:49:00,2025-08-27 04:58:00,0.21763,0.22314,0.020118200615724006,4452852641805651.5,189.0
2025-08-27 02:12:00,2025-08-27 04:07:00,0.21784,0.22285,0.017798531031949994,4018071450703069.5,115.0
2025-08-27 03:23:00,2025-08-27 05:23:00,0.21809,0.2228,0.01639658856435413,3766994581132278.0,120.0
2025-08-27 03:35:00,2025-08-27 04:49:00,0.21881,0.22277,0.012897893149307577,3010939245081458.0,74.0
2025-08-27 03:39:00,2025-08-27 05:08:00,0.21897,0.2227,0.011834296935653337,2797886581679018.0,89.0
2025-08-27 03:55:00,2025-08-27 04:53:00,0.22071,0.22266,0.0036351230120973566,867306059606325.8,58.0
2025-08-27 04:00:00,2025-08-27 04:17:00,0.22102,0.2225,0.0014962265858293779,356358045920103.5,17.0
2025-08-27 08:48:00,2025-08-27 18:14:00,0.21752,0.22323,0.021050459727841215,5063668636000600.0,566.0
2025-08-27 09:04:00,2025-08-27 09:31:00,0.21958,0.22113,0.0018589306858547948,453509463345737.75,27.0
2025-08-27 12:31:00,2025-08-27 12:58:00,0.21842,0.21974,0.0008434026188077464,204314156765573.5,27.0
2025-08-27 13:30:00,2025-08-27 18:23:00,0.21791,0.22317,0.01893840576384753,4663285502016973.0,293.0
2025-08-27 13:34:00,2025-08-27 17:47:00,0.21838,0.22313,0.016551076105870522,4151940621713025.5,253.0
2025-08-27 13:38:00,2025-08-27 17:52:00,0.2185,0.22285,0.014708466819221937,3750185489027082.5,254.0
2025-08-27 14:04:00,2025-08-27 14:35:00,0.21876,0.22267,0.012673468641433518,3278201436443069.5,31.0
2025-08-27 14:10:00,2025-08-27 17:58:00,0.21954,0.2226,0.008738234490297802,2287725288545041.5,228.0
2025-08-27 14:23:00,2025-08-27 14:30:00,0.22029,0.22241,0.004423677879159213,1166454893848406.2,7.0
2025-08-27 14:58:00,2025-08-27 15:16:00,0.22004,0.22206,0.003980149063806553,1053758612332554.0,18.0
2025-08-27 15:05:00,2025-08-27 16:21:00,0.22018,0.22189,0.002566372967572065,680860302837842.5,76.0
2025-08-27 15:36:00,2025-08-27 15:48:00,0.22035,0.22174,0.0011081461311549922,292680927207277.0,12.0
2025-08-27 16:37:00,2025-08-27 18:46:00,0.21965,0.22241,0.00736544502617794,1967956351255435.5,129.0
2025-08-27 16:43:00,2025-08-27 17:36:00,0.22037,0.22233,0.003694132595180784,992442577380570.0,53.0
2025-08-27 17:19:00,2025-08-27 18:52:00,0.22045,0.2223,0.003191925606713497,860172037292618.2,93.0
2025-08-27 19:12:00,2025-08-27 19:32:00,0.21917,0.22103,0.0032865629420084884,888592056941530.0,20.0
2025-08-27 20:05:00,2025-08-27 20:20:00,0.21849,0.22223,0.011917488214563694,3242360627601868.0,15.0
2025-08-27 20:21:00,2025-08-27 20:49:00,0.21842,0.22302,0.0158603424594817,4367551865714649.5,28.0
2025-08-27 22:07:00,2025-08-27 23:30:00,0.21809,0.22083,0.007363620523636996,2057778557405538.2,83.0
2025-08-27 22:16:00,2025-08-27 22:46:00,0.2185,0.22058,0.004319450800915326,1214347862107288.5,30.0
2025-08-27 22:27:00,2025-08-27 23:07:00,0.21867,0.22022,0.0018883065806923486,530987703593776.25,40.0
2025-08-27 23:57:00,2025-08-28 00:15:00,0.21843,0.22042,0.003910470173510927,1105790962353477.2,18.0
2025-08-28 00:34:00,2025-08-28 22:39:00,0.21678,0.22447,0.030273752191161556,8620026433833487.0,1325.0
2025-08-28 00:40:00,2025-08-28 23:32:00,0.21735,0.22445,0.027466206579250165,8056286397756091.0,1372.0
2025-08-28 00:55:00,2025-08-28 12:40:00,0.21854,0.22443,0.021751587810011797,6553940334337090.0,705.0
2025-08-28 01:06:00,2025-08-28 14:48:00,0.21963,0.22442,0.01660940672949969,5112076254190491.0,822.0
2025-08-28 01:16:00,2025-08-28 01:51:00,0.21988,0.22158,0.0025314899035838055,788446335135694.2,35.0
2025-08-28 01:28:00,2025-08-28 01:55:00,0.21989,0.22152,0.002212797307744748,690382908144390.8,27.0
2025-08-28 02:16:00,2025-08-28 02:30:00,0.22013,0.22143,0.0007056012356334695,217722617745867.0,14.0
2025-08-28 02:57:00,2025-08-28 12:31:00,0.21971,0.22434,0.01587323289791099,4993012031672574.0,574.0
2025-08-28 03:00:00,2025-08-28 08:47:00,0.21992,0.22427,0.014579919970898476,4658386621542082.0,347.0
2025-08-28 03:50:00,2025-08-28 14:41:00,0.22066,0.22424,0.011024055107405058,3572363422827231.5,651.0
2025-08-28 04:03:00,2025-08-28 14:12:00,0.22094,0.22423,0.00969092061193091,3174308300755632.0,609.0
2025-08-28 04:09:00,2025-08-28 14:06:00,0.2217,0.2242,0.006076499774470015,2007924409751794.8,597.0
2025-08-28 04:16:00,2025-08-28 13:08:00,0.22193,0.22418,0.004938331906457,1640849137036897.0,532.0
2025-08-28 04:24:00,2025-08-28 07:16:00,0.22194,0.22416,0.004802703433360367,1603497948727192.8,172.0
2025-08-28 04:30:00,2025-08-28 15:10:00,0.22221,0.22416,0.003575482651545869,1198297770931394.0,640.0
2025-08-28 04:37:00,2025-08-28 06:41:00,0.22233,0.22409,0.002716160662078944,912436183870119.8,124.0
2025-08-28 05:53:00,2025-08-28 11:35:00,0.22257,0.22404,0.00140466370130745,470923049120030.25,342.0
2025-08-28 09:48:00,2025-08-28 10:36:00,0.22262,0.22399,0.0009539843679812338,318799175090139.0,48.0
2025-08-28 10:03:00,2025-08-28 11:30:00,0.22262,0.22395,0.0007743059922738198,258131305174969.0,87.0
2025-08-28 15:50:00,2025-08-28 16:28:00,0.22038,0.22316,0.007414574825301773,2513154845589266.0,38.0
2025-08-28 16:02:00,2025-08-28 16:19:00,0.22119,0.22313,0.0035707400877073893,1216825265112497.5,17.0
2025-08-28 16:59:00,2025-08-28 19:10:00,0.21955,0.22335,0.0121081302664541,4151934753840317.0,131.0
2025-08-28 17:05:00,2025-08-28 18:52:00,0.21985,0.22306,0.009400864225608454,3261434217798056.0,107.0
2025-08-28 17:10:00,2025-08-28 19:02:00,0.22011,0.22302,0.008020662396074671,2807957236921686.5,112.0
2025-08-28 17:17:00,2025-08-28 18:47:00,0.22033,0.22286,0.006282775836245652,2216067707301646.0,90.0
2025-08-28 17:20:00,2025-08-28 18:31:00,0.22043,0.22282,0.005642444313387486,2002162475771484.5,71.0
2025-08-28 17:33:00,2025-08-28 18:34:00,0.22059,0.22272,0.0044559227526179464,1588995006186292.8,61.0
2025-08-28 17:37:00,2025-08-28 19:21:00,0.2209,0.22247,0.0019072883657763155,680372658139391.5,104.0
2025-08-28 20:00:00,2025-08-28 23:54:00,0.21934,0.22442,0.01796039026169418,6460043962089823.0,234.0
2025-08-28 20:06:00,2025-08-28 23:25:00,0.21987,0.2244,0.015403083640332826,5638688490608272.0,199.0
2025-08-28 20:48:00,2025-08-28 23:59:00,0.22082,0.22437,0.010876442351236418,4041230513137823.0,191.0
2025-08-28 21:00:00,2025-08-28 22:47:00,0.22109,0.22435,0.009545126419105274,3584371126842986.5,107.0
2025-08-28 21:04:00,2025-08-28 22:54:00,0.2213,0.22435,0.00858219611387256,3252892117180626.5,110.0
2025-08-28 21:27:00,2025-08-29 00:12:00,0.22157,0.2242,0.006669837974455122,2548504161156660.0,165.0
2025-08-28 21:31:00,2025-08-29 00:19:00,0.22159,0.22414,0.006307739518931344,2425865856705842.5,168.0
2025-08-28 21:41:00,2025-08-28 22:24:00,0.22176,0.22375,0.003773665223665186,1458296307656484.0,43.0
2025-08-28 21:53:00,2025-08-29 00:37:00,0.22208,0.22371,0.0021396974063400244,827681467120403.0,164.0
2025-08-29 01:23:00,2025-08-29 02:24:00,0.21965,0.2236,0.012783155019348878,4981592659077002.0,61.0
2025-08-29 01:28:00,2025-08-29 02:27:00,0.21996,0.22359,0.011303000545553839,4460257682017104.5,59.0
2025-08-29 01:33:00,2025-08-29 03:53:00,0.22018,0.22341,0.009469815605413802,3778066835261710.0,140.0
2025-08-29 02:00:00,2025-08-29 02:50:00,0.22026,0.22338,0.008965077635521583,3610140012727712.0,50.0
2025-08-29 02:08:00,2025-08-29 02:56:00,0.22125,0.2232,0.0036135593220339313,1464840766040570.8,48.0
2025-08-29 02:17:00,2025-08-29 03:01:00,0.22158,0.22313,0.0017952161747449942,727560454645240.8,44.0
2025-08-29 07:26:00,2025-08-29 07:32:00,0.2145,0.21599,0.0017463869463869063,708877974568914.0,6.0
2025-08-29 09:02:00,2025-08-29 12:30:00,0.21193,0.21976,0.0317461614684094,1.30038153782216e+16,208.0
2025-08-29 09:07:00,2025-08-29 12:47:00,0.21213,0.21939,0.02902429642200532,1.2264682279275718e+16,220.0
2025-08-29 09:10:00,2025-08-29 12:53:00,0.21226,0.21914,0.027213078300197858,1.1831691544568672e+16,223.0
2025-08-29 09:14:00,2025-08-29 13:01:00,0.21247,0.21909,0.025957339859744976,1.1591610749263072e+16,227.0
2025-08-29 09:36:00,2025-08-29 12:38:00,0.21302,0.21873,0.021604994836165715,9896623944340042.0,182.0
2025-08-29 09:42:00,2025-08-29 13:05:00,0.21311,0.21852,0.02018595091736661,9445312387788912.0,203.0
2025-08-29 09:52:00,2025-08-29 13:12:00,0.21379,0.21821,0.015474493662004676,7384922434356778.0,200.0
2025-08-29 09:59:00,2025-08-29 13:09:00,0.21411,0.21819,0.013855625613002666,6713626403605158.0,190.0
2025-08-29 10:52:00,2025-08-29 13:28:00,0.21422,0.21782,0.011605153580431425,5699730654309092.0,156.0
2025-08-29 11:44:00,2025-08-29 13:20:00,0.21433,0.21768,0.010430103112023609,5181161120710797.0,96.0
2025-08-29 11:51:00,2025-08-29 13:36:00,0.21443,0.21716,0.007531427505479561,3778218197661984.0,105.0
2025-08-29 11:56:00,2025-08-29 13:32:00,0.21458,0.21689,0.005565215770342094,2810990179442933.0,96.0
2025-08-29 12:04:00,2025-08-29 13:42:00,0.21485,0.21617,0.0009438212706538883,473632767459209.5,98.0
2025-08-29 13:45:00,2025-08-29 14:00:00,0.21388,0.21564,0.0030289134093884965,1536654588464501.0,15.0
2025-08-29 14:06:00,2025-08-29 15:16:00,0.21231,0.21543,0.009495492440299617,4846616033152045.0,70.0
2025-08-29 14:15:00,2025-08-29 15:20:00,0.21328,0.21536,0.004552438109527376,2341954544812337.0,65.0
2025-08-29 14:58:00,2025-08-29 15:07:00,0.21335,0.2151,0.003002484180923373,1549197280014845.0,9.0
2025-08-29 16:05:00,2025-08-29 16:21:00,0.21179,0.21421,0.006226412956230254,3229797677691921.0,16.0
2025-08-29 17:17:00,2025-08-29 17:31:00,0.2107,0.21255,0.003580256288561892,1865664337321043.0,14.0
2025-08-29 18:55:00,2025-08-31 03:45:00,0.20983,0.22109,0.048462488681313545,2.543274585389523e+16,1970.0
2025-08-29 19:05:00,2025-08-29 19:47:00,0.20988,0.21282,0.008808004574042301,4839636927743436.0,42.0
2025-08-29 19:11:00,2025-08-29 19:21:00,0.21113,0.21275,0.00247299767915494,1365317424965175.0,10.0
2025-08-29 20:08:00,2025-08-29 20:24:00,0.21075,0.2123,0.0021546856465005735,1191527663454179.5,16.0
2025-08-29 21:02:00,2025-08-31 03:38:00,0.20983,0.22071,0.04665149883238813,2.6009193085042224e+16,1836.0
2025-08-29 21:09:00,2025-08-31 03:59:00,0.21083,0.22062,0.04123551676706361,2.4058153769297796e+16,1850.0
2025-08-29 21:23:00,2025-08-31 04:07:00,0.21107,0.22028,0.038434813095181666,2.3345535241324944e+16,1844.0
2025-08-29 22:15:00,2025-08-30 01:12:00,0.2117,0.21492,0.010010203117619276,6306936239782848.0,177.0
2025-08-29 22:50:00,2025-08-30 01:08:00,0.21209,0.2148,0.0075775944174642385,4819772854420248.0,138.0
2025-08-29 22:56:00,2025-08-30 01:21:00,0.21219,0.21475,0.006864659031999655,4398428438483455.5,145.0
2025-08-29 23:05:00,2025-08-30 01:18:00,0.21271,0.21468,0.004061435757604247,2616509013835363.0,133.0
2025-08-29 23:11:00,2025-08-29 23:44:00,0.21273,0.21458,0.003496469703379827,2260410054943420.0,33.0
2025-08-29 23:16:00,2025-08-30 00:24:00,0.21302,0.21454,0.0019354802365976033,1251661574950141.0,68.0
2025-08-29 23:27:00,2025-08-29 23:48:00,0.21308,0.2144,0.0009948563919655326,640301481812805.0,21.0
2025-08-30 01:59:00,2025-08-31 04:14:00,0.21163,0.22002,0.034444662854982655,2.248837379016269e+16,1575.0
2025-08-30 02:09:00,2025-08-30 03:22:00,0.21348,0.21852,0.018408768971332156,1.2427274230968242e+16,73.0
2025-08-30 02:25:00,2025-08-30 04:09:00,0.21354,0.21826,0.016903587149948496,1.1619768262445792e+16,104.0
2025-08-30 02:54:00,2025-08-30 03:32:00,0.21507,0.21825,0.009585883665783178,6696375864020965.0,38.0
2025-08-30 03:00:00,2025-08-30 03:55:00,0.21543,0.21806,0.007008141855823206,4939818770582493.0,55.0
2025-08-30 03:11:00,2025-08-30 04:17:00,0.21633,0.21792,0.0021498821245320024,1519273495889171.0,66.0
2025-08-30 07:20:00,2025-08-30 08:09:00,0.21612,0.2175,0.0011853414769572102,835104927079861.5,49.0
2025-08-30 12:38:00,2025-08-30 13:03:00,0.21355,0.21493,0.0012621868414892075,890910867048104.5,25.0
2025-08-30 13:15:00,2025-08-31 03:21:00,0.21298,0.21975,0.02658702225561085,1.898404185865735e+16,846.0
2025-08-30 13:22:00,2025-08-31 03:24:00,0.21351,0.21969,0.023744780103976352,1.7402891890247222e+16,842.0
2025-08-30 13:45:00,2025-08-31 03:29:00,0.21388,0.21961,0.02159072377033857,1.6197779972275204e+16,824.0
2025-08-30 14:25:00,2025-08-31 04:25:00,0.2144,0.21945,0.018354104477611936,1.4064383718734434e+16,840.0
2025-08-30 14:38:00,2025-08-30 15:45:00,0.21449,0.21654,0.00435755513077544,3392117404453698.0,67.0
2025-08-30 14:42:00,2025-08-30 15:42:00,0.21468,0.21646,0.0030914104713993095,2413831016995926.0,60.0
2025-08-30 15:06:00,2025-08-30 15:59:00,0.21469,0.21603,0.0010415575946714235,808693516293279.0,53.0
2025-08-30 20:19:00,2025-08-31 04:32:00,0.21446,0.21944,0.018021113494357848,1.4180441364201698e+16,493.0
2025-08-30 20:35:00,2025-08-31 02:01:00,0.21465,0.21937,0.016789284882366654,1.3447680014921162e+16,326.0
2025-08-30 22:13:00,2025-08-31 02:17:00,0.21468,0.21933,0.01646014533258798,1.340443018884686e+16,244.0
2025-08-30 22:23:00,2025-08-31 08:40:00,0.21489,0.21932,0.015415198473637627,1.2758682799774884e+16,617.0
2025-08-30 22:35:00,2025-08-31 03:11:00,0.21498,0.21925,0.014662312773281217,1.232140707898442e+16,276.0
2025-08-30 22:39:00,2025-08-31 08:43:00,0.2152,0.21922,0.013480297397769497,1.1492684540357598e+16,604.0
2025-08-30 22:49:00,2025-08-31 03:06:00,0.21528,0.21921,0.013055295429208424,1.127947750256007e+16,257.0
2025-08-30 22:52:00,2025-08-31 08:53:00,0.21538,0.21919,0.012489664778531005,1.0930635701308952e+16,601.0
2025-08-30 23:23:00,2025-08-31 04:47:00,0.21558,0.21916,0.011406364226737173,1.01057355025724e+16,324.0
2025-08-30 23:31:00,2025-08-31 02:08:00,0.21575,0.21904,0.010049130938586398,9002985366457331.0,157.0
2025-08-30 23:50:00,2025-08-31 01:36:00,0.21577,0.21903,0.009908680539463378,8965840373491452.0,106.0
2025-08-30 23:53:00,2025-08-31 02:22:00,0.21578,0.21899,0.009676262860320655,8841658875184707.0,149.0
2025-08-31 00:04:00,2025-08-31 01:33:00,0.21621,0.21895,0.007472864344849879,6891266253793494.0,89.0
2025-08-31 00:25:00,2025-08-31 09:03:00,0.21629,0.21891,0.006913366313745357,6421800041573507.0,518.0
2025-08-31 00:31:00,2025-08-31 09:07:00,0.21662,0.21888,0.005233016341981277,4891293984034156.0,516.0
2025-08-31 00:40:00,2025-08-31 03:00:00,0.21683,0.21887,0.004208292210487543,3951462451430304.0,140.0
2025-08-31 01:14:00,2025-08-31 01:49:00,0.21746,0.21885,0.00119198013427758,1114726324612871.0,35.0
2025-08-31 01:19:00,2025-08-31 02:51:00,0.21757,0.21883,0.000591239601047862,547100499199925.0,92.0
2025-08-31 06:45:00,2025-08-31 08:27:00,0.21752,0.21881,0.0007304891504230117,679369091610788.0,102.0
2025-08-31 10:47:00,2025-08-31 13:00:00,0.21612,0.21859,0.006228835831945216,5893833236430082.0,133.0
2025-08-31 10:50:00,2025-08-31 12:00:00,0.21641,0.21851,0.004503802966591279,4284413101968309.0,70.0
2025-08-31 11:17:00,2025-08-31 13:22:00,0.21665,0.21836,0.0026929148396029976,2567986395054994.0,125.0
2025-08-31 12:45:00,2025-08-31 13:27:00,0.21693,0.21836,0.0013919881989581289,1324666092210578.0,42.0
2025-08-31 14:12:00,2025-08-31 18:50:00,0.21631,0.21858,0.005294198141556074,5081644163871344.0,278.0
2025-08-31 14:16:00,2025-08-31 15:59:00,0.21661,0.21857,0.0038485203822537714,3709883402624900.0,103.0
2025-08-31 14:57:00,2025-08-31 19:04:00,0.21692,0.21854,0.0022681910381708017,2189440980221673.0,247.0
2025-08-31 17:17:00,2025-08-31 18:41:00,0.21721,0.2185,0.000738953086874515,706006400998822.0,84.0
